ID,AUTHOR NAME,BOOK/SERIES NAME,BOOKS PLEDGED,LINK MUST END IN ASIN,Clean ASIN,Clean Amazon US Link,Wide?,SPFBO/SPSFC?,SPFBO/SPSFC Cohort,Direct?,Direct link,International?
1,BRYCE O'CONNOR,The Wings of War,5,https://www.amazon.com/dp/B074C9LJT4,B074C9LJT4,https://www.amazon.com/dp/B074C9LJT4,FALSE,TRUE,SPFBO4,FALSE,,FALSE
2,BRYCE O'CONNOR,The Shattered Reigns,2,https://www.amazon.com/dp/B082MGDS7X,B082MGDS7X,https://www.amazon.com/dp/B082MGDS7X,FALSE,FALSE,,FALSE,,FALSE
3,BRYCE O'CONNOR,Stormweaver,2,https://www.amazon.com/dp/B08KGT4CLQ,B08KGT4CLQ,https://www.amazon.com/dp/B08KGT4CLQ,FALSE,FALSE,,FALSE,,FALSE
4,BRYCE O'CONNOR,The Godforged Chronicles,2,https://www.amazon.com/dp/B08DHS3L72,B08DHS3L72,https://www.amazon.com/dp/B08DHS3L72,FALSE,TRUE,SPFBO7 Finalist,FALSE,,FALSE
5,DANIEL B. GREENE,A Witch's Sin,1,https://www.amazon.com/dp/B0C4C36WF7,B0C4C36WF7,https://www.amazon.com/dp/B0C4C36WF7,FALSE,FALSE,,FALSE,,FALSE
6,LUKE CHMILENKO & GD PENMAN,Savage Dominion,3,https://www.amazon.com/dp/B0CHQXCV6T,B0CHQXCV6T,https://www.amazon.com/dp/B0CHQXCV6T,FALSE,FALSE,,FALSE,,FALSE
7,SM BOYCE,Wraithblade,3,https://www.amazon.com/dp/B09CN5MXKQ,B09CN5MXKQ,https://www.amazon.com/dp/B09CN5MXKQ,FALSE,FALSE,,FALSE,,FALSE
8,JEREMY BAI,Requiem for the Stars,1,https://www.amazon.com/dp/B0D9WPFTGV,B0D9WPFTGV,https://www.amazon.com/dp/B0D9WPFTGV,FALSE,FALSE,,FALSE,,FALSE
9,JEREMY BAI,Heirs of Sun and Storm,2,https://www.amazon.com/dp/B09K48T297,B09K48T297,https://www.amazon.com/dp/B09K48T297,FALSE,FALSE,,FALSE,,FALSE
10,PHIL TUCKER,Chronicles of the Black Gate: Omnibus,5,https://www.amazon.com/dp/B09HHQ47WN,B09HHQ47WN,https://www.amazon.com/dp/B09HHQ47WN,FALSE,TRUE,SPFBO2 Finalist,FALSE,,FALSE
11,BEN GALLEY,Emaneska,3,https://www.amazon.com/dp/B09VRB38LB,B09VRB38LB,https://www.amazon.com/dp/B09VRB38LB,FALSE,FALSE,,FALSE,,FALSE
12,NOBODY103,Mother of Learning,4,https://www.amazon.com/dp/B0CHSJ19J9,B0CHSJ19J9,https://www.amazon.com/dp/B0CHSJ19J9,FALSE,FALSE,,FALSE,,FALSE
13,ALEXANDER WALES,This Used To Be About Dungeons,1,https://www.amazon.com/dp/B0CFN5GZPM,B0CFN5GZPM,https://www.amazon.com/dp/B0CFN5GZPM,FALSE,FALSE,,FALSE,,FALSE
14,DAVID ESTES & BEN GALLEY,Demon's Reign,2,https://www.amazon.com/dp/B0BJBFVPX4,B0BJBFVPX4,https://www.amazon.com/dp/B0BJBFVPX4,FALSE,FALSE,,FALSE,,FALSE
15,DAVID ESTES & GD PENMAN,The Last King,3,https://www.amazon.com/dp/B0BKN6FH6G,B0BKN6FH6G,https://www.amazon.com/dp/B0BKN6FH6G,FALSE,FALSE,,FALSE,,FALSE
16,J. R. SNYDER,Sin Eater Tales,2,https://www.amazon.com/dp/B0C6NPL8DN,B0C6NPL8DN,https://www.amazon.com/dp/B0C6NPL8DN,FALSE,TRUE,SPFBO7,FALSE,,FALSE
17,TRUDIE SKIES,The Cruel Gods,2,https://www.amazon.com/dp/B09HKYPPZ4,B09HKYPPZ4,https://www.amazon.com/dp/B09HKYPPZ4,FALSE,TRUE,SPFBO8 Finalist,FALSE,,FALSE
18,MICHAEL MICHEL,The Price of Power,1,https://www.amazon.com/Price-Power-Book-1/dp/B0BTKZPNF9,B0BTKZPNF9,https://www.amazon.com/dp/B0BTKZPNF9,FALSE,TRUE,SPFBO9 Semi-finalist,FALSE,,FALSE
19,MICHAEL MICHEL,Way of the Wizard,1,https://www.amazon.com/Way-Wizard-Michael-Michel-ebook/dp/B0CZ96FTV9,B0CZ96FTV9,https://www.amazon.com/dp/B0CZ96FTV9,FALSE,FALSE,,FALSE,,FALSE
20,STEVEN HEALT,The Amboy Series,3,https://www.amazon.com/dp/B09446886L,B09446886L,https://www.amazon.com/dp/B09446886L,FALSE,TRUE,SPSFC2,FALSE,,FALSE
21,STEVEN HEALT,Plain Striders: An Amboy Novella,1,https://www.amazon.com/Plain-Striders-Amboy-Novella-ebook/dp/B0C7B2RK53,B0C7B2RK53,https://www.amazon.com/dp/B0C7B2RK53,FALSE,FALSE,,FALSE,,FALSE
22,DAVID MUSK,Aeonica,3,https://www.amazon.com/dp/B0B5CFB1WZ,B0B5CFB1WZ,https://www.amazon.com/dp/B0B5CFB1WZ,FALSE,TRUE,SPFBOX,FALSE,,FALSE
23,CL JARVIS,The Edinburgh Doctrines,2,https://www.amazon.com/dp/B0BSCLZSGW,B0BSCLZSGW,https://www.amazon.com/dp/B0BSCLZSGW,FALSE,TRUE,SPFBO9,FALSE,,FALSE
24,CL JARVIS,Dark City Rising,1,https://www.amazon.com/dp/B0C576JFWT,B0C576JFWT,https://www.amazon.com/dp/B0C576JFWT,FALSE,FALSE,,FALSE,,FALSE
25,CASEY WHITE,Silvertongue,1,https://www.amazon.com/dp/B07NTR9YY4,B07NTR9YY4,https://www.amazon.com/dp/B07NTR9YY4,FALSE,TRUE,SPFBO5,FALSE,,FALSE
26,CASEY WHITE,The Unceasing Mistress,1,https://www.amazon.com/dp/B0CJH9BLTY,B0CJH9BLTY,https://www.amazon.com/dp/B0CJH9BLTY,FALSE,FALSE,,FALSE,,FALSE
27,CASEY WHITE,Roots and Steel,1,https://www.amazon.com/dp/B09ZRNYHMM,B09ZRNYHMM,https://www.amazon.com/dp/B09ZRNYHMM,FALSE,TRUE,SPFBO9,FALSE,,FALSE
28,TESSA HASTJARJANTO,Tales of Lunis Aquaria,1,https://www.amazon.com/dp/B07NNRCCCR,B07NNRCCCR,https://www.amazon.com/dp/B07NNRCCCR,TRUE,FALSE,,FALSE,,FALSE
29,TESSA HASTJARJANTO,Infernal Contracts,3,https://www.amazon.com/dp/B08R8Z9M4J,B08R8Z9M4J,https://www.amazon.com/dp/B08R8Z9M4J,TRUE,FALSE,,FALSE,,FALSE
30,TESSA HASTJARJANTO,Undine's Blessing,1,https://www.amazon.com/dp/B0CTGHQPDZ,B0CTGHQPDZ,https://www.amazon.com/dp/B0CTGHQPDZ,TRUE,TRUE,SPFBOX Semi-finalist,FALSE,,FALSE
31,TESSA HASTJARJANTO,A Dress To Kill For,1,https://www.amazon.com/dp/B0DGQGMKMJ,B0DGQGMKMJ,https://www.amazon.com/dp/B0DGQGMKMJ,TRUE,FALSE,,FALSE,,FALSE
32,CAT RECTOR,Coal Gets In Your Veins,1,https://www.amazon.com/dp/B0D3YLFRHL,B0D3YLFRHL,https://www.amazon.com/dp/B0D3YLFRHL,TRUE,FALSE,,FALSE,,FALSE
33,CAT RECTOR,The Goddess of Nothing At All,1,https://www.amazon.com/dp/B095HZGZTX,B095HZGZTX,https://www.amazon.com/dp/B095HZGZTX,TRUE,TRUE,SPFBO8,FALSE,,FALSE
34,S.A. KLOPFENSTEIN,The Shadow Watch Saga,1,https://www.amazon.com/dp/B09S6NDPC5,B09S6NDPC5,https://www.amazon.com/dp/B09S6NDPC5,FALSE,TRUE,SPFBO5,FALSE,,FALSE
35,S.A. KLOPFENSTEIN,Pantheon: Rogue System,1,https://www.amazon.com/dp/B0DMV7X3YL,B0DMV7X3YL,https://www.amazon.com/dp/B0DMV7X3YL,FALSE,TRUE,SPFBO9,FALSE,,FALSE
36,DREW MONTGOMERY,The Conqueror's Plague,1,https://www.amazon.com/dp/B0CTHRJW3V,B0CTHRJW3V,https://www.amazon.com/dp/B0CTHRJW3V,FALSE,FALSE,,FALSE,,FALSE
37,DREW MONTGOMERY,Gods of the Deep,1,https://www.amazon.com/Gods-Deep-Drew-Montgomery-ebook/dp/B0B53VSXZR,B0B53VSXZR,https://www.amazon.com/dp/B0B53VSXZR,FALSE,TRUE,SPFBO9,FALSE,,FALSE
38,DREW MONTGOMERY,The Last Dragonkeeper,1,https://www.amazon.com/Last-Dragonkeeper-Chronicles-Book-ebook/dp/B093ZGTFLY,B093ZGTFLY,https://www.amazon.com/dp/B093ZGTFLY,FALSE,TRUE,SPFBO8,FALSE,,FALSE
39,DREW MONTGOMERY,The Burial,1,https://www.amazon.com/Burial-Drew-Montgomery-ebook/dp/B08HY7G82Y,B08HY7G82Y,https://www.amazon.com/dp/B08HY7G82Y,FALSE,TRUE,SPFBO7,FALSE,,FALSE
40,DREW MONTGOMERY,The Darkest Corners,1,https://www.amazon.com/Darkest-Corners-Story-Collection-ebook/dp/B09HQ6X39Y,B09HQ6X39Y,https://www.amazon.com/dp/B09HQ6X39Y,FALSE,FALSE,,FALSE,,FALSE
41,DREW MONTGOMERY,Taika Town,1,https://www.amazon.com/Taika-Town-Drew-Montgomery-ebook/dp/B07J3PBR24,B07J3PBR24,https://www.amazon.com/dp/B07J3PBR24,FALSE,TRUE,SPFBO5,FALSE,,FALSE
42,EMMA L. ADAMS,The Lost Sentinel,3,https://www.amazon.com/dp/B09PVQKP15,B09PVQKP15,https://www.amazon.com/dp/B09PVQKP15,TRUE,TRUE,SPFBO8,TRUE,https://www.emmaladams.com/products/the-lost-sentinel-relics-of-power-book-1-ebook,FALSE
43,EMMA L. ADAMS,Death's Disciple,1,https://www.amazon.com/dp/B0C59MMB4C,B0C59MMB4C,https://www.amazon.com/dp/B0C59MMB4C,TRUE,TRUE,SPFBO9 Semi-finalist,TRUE,https://www.emmaladams.com/products/deaths-disciple-deaths-disciple-book-1-ebook,FALSE
44,CHRIS TULLBANE,See These Bones,1,https://www.amazon.com/dp/B07YBVN74N,B07YBVN74N,https://www.amazon.com/dp/B07YBVN74N,FALSE,FALSE,,FALSE,,FALSE
45,CHRIS TULLBANE,Speaker of Tongues,1,https://www.amazon.com/dp/B0CX2ZFFVX,B0CX2ZFFVX,https://www.amazon.com/dp/B0CX2ZFFVX,FALSE,FALSE,,FALSE,,FALSE
46,CHRIS TULLBANE,The Queen of Smiles,1,https://www.amazon.com/dp/B0BK2YH33G,B0BK2YH33G,https://www.amazon.com/dp/B0BK2YH33G,FALSE,FALSE,,FALSE,,FALSE
47,PEMRY JANES,Living Sword,3,https://www.amazon.com/dp/B09479NDDT,B09479NDDT,https://www.amazon.com/dp/B09479NDDT,FALSE,FALSE,,FALSE,,FALSE
48,JOSEPH JOHN LEE,The Spellbinders and the Gunslingers,3,https://www.amazon.com/dp/B0BNKLHHD6,B0BNKLHHD6,https://www.amazon.com/dp/B0BNKLHHD6,FALSE,FALSE,,FALSE,,FALSE
49,JOSEPH JOHN LEE,Upscaled,1,https://www.amazon.com/dp/B0D4KNDFMP,B0D4KNDFMP,https://www.amazon.com/dp/B0D4KNDFMP,FALSE,FALSE,,FALSE,,FALSE
50,MICHAEL WEBB,Shadow Knights,6,https://www.amazon.com/dp/B099NY2LW7,B099NY2LW7,https://www.amazon.com/dp/B099NY2LW7,FALSE,FALSE,,FALSE,,FALSE
51,MICHAEL WEBB,Treasure Hunters Alliance,2,https://www.amazon.com/dp/B0BTB6YD5N,B0BTB6YD5N,https://www.amazon.com/dp/B0BTB6YD5N,FALSE,FALSE,,FALSE,,FALSE
52,JOANNA MACIEJEWSKA,Pacts Arcane and Otherwise,1,https://www.amazon.com/dp/B08KWJCCJJ,B08KWJCCJJ,https://www.amazon.com/dp/B08KWJCCJJ,TRUE,FALSE,,FALSE,,FALSE
53,JOANNA MACIEJEWSKA,Shadows of Eireland,1,https://www.amazon.com/dp/B0BMB8172H,B0BMB8172H,https://www.amazon.com/dp/B0BMB8172H,TRUE,FALSE,,FALSE,,FALSE
54,DAX MURRAY,Stars and Soil,1,https://www.amazon.com/dp/B0CVR2JGSB,B0CVR2JGSB,https://www.amazon.com/dp/B0CVR2JGSB,TRUE,FALSE,,TRUE,https://read.daxmurray.com/stars-and-soil,FALSE
55,LAURA HUIE,The Thedre Trilogy,2,https://www.amazon.com/dp/B0BBD6SGWJ,B0BBD6SGWJ,https://www.amazon.com/dp/B0BBD6SGWJ,FALSE,TRUE,,FALSE,,FALSE
56,LAURA HUIE,The Sunset Sovereign: A Dragon's Memoir,1,https://www.amazon.com/dp/B0CGP7Q6MF,B0CGP7Q6MF,https://www.amazon.com/dp/B0CGP7Q6MF,FALSE,TRUE,,FALSE,,FALSE
57,PHIL WILLIAMS,Under Ordshaw,1,https://www.amazon.com/dp/B07CXYSZVN,B07CXYSZVN,https://www.amazon.com/dp/B07CXYSZVN,TRUE,TRUE,SPFBO4 Semi-finalist,TRUE,https://phil-williams.co.uk/product/under-ordshaw-ebook/,FALSE
58,PHIL WILLIAMS,Kept From Cages,1,https://www.amazon.com/dp/B08GKZTCCV,B08GKZTCCV,https://www.amazon.com/dp/B08GKZTCCV,TRUE,TRUE,SPFBO7 Semi-finalist,TRUE,https://phil-williams.co.uk/product/kept-from-cages-ebook/,FALSE
59,PHIL WILLIAMS,The City Screams,1,https://www.amazon.com/dp/B07P14DRKR,B07P14DRKR,https://www.amazon.com/dp/B07P14DRKR,TRUE,TRUE,SPFBO5,TRUE,https://phil-williams.co.uk/product/the-city-screams-ebook/,FALSE
60,N. C. SCRIMGEOUR,The Waystations Trilogy,3,https://www.amazon.com/dp/B09JB2LSSR,B09JB2LSSR,https://www.amazon.com/dp/B09JB2LSSR,FALSE,TRUE,SPSFC2 Semi-finalist,FALSE,,FALSE
61,N. C. SCRIMGEOUR,Sea of Souls,1,https://www.amazon.com/dp/B0C412PFMX,B0C412PFMX,https://www.amazon.com/dp/B0C412PFMX,FALSE,FALSE,,FALSE,,FALSE
62,DAWN CHAPMAN,Space Seasons ,1,https://www.amazon.com/gp/product/B0C2ZVKL9M,B0C2ZVKL9M,https://www.amazon.com/dp/B0C2ZVKL9M,FALSE,FALSE,,FALSE,,FALSE
63,DAWN CHAPMAN,Tailspin ,1,https://www.amazon.com/dp/B0CBHG8S3Q,B0CBHG8S3Q,https://www.amazon.com/dp/B0CBHG8S3Q,FALSE,TRUE,SPSFC3,FALSE,,FALSE
64,DAWN CHAPMAN,Puatera Online,1,https://www.amazon.com/dp/B079QTHJMY,B079QTHJMY,https://www.amazon.com/dp/B079QTHJMY,FALSE,FALSE,,FALSE,,FALSE
65,DAWN CHAPMAN,Battle For Frelik,1,https://www.amazon.com/dp/B0CT8TXFLB,B0CT8TXFLB,https://www.amazon.com/dp/B0CT8TXFLB,FALSE,FALSE,,FALSE,,FALSE
66,DAWN CHAPMAN,Lethao,1,https://www.amazon.com/gp/product/B0CT8TW5Y1,B0CT8TW5Y1,https://www.amazon.com/dp/B0CT8TW5Y1,FALSE,FALSE,,FALSE,,FALSE
67,STEVE HUGH WESTENRA,The Sands of Hazzan,1,http://www.amazon.com/dp/B0C9FWSH91,B0C9FWSH91,https://www.amazon.com/dp/B0C9FWSH91,TRUE,TRUE,,FALSE,,FALSE
68,STEVE HUGH WESTENRA,The Erstwhile Tyler Kyle,1,https://www.amazon.com/dp/B0CKYRY4ZB,B0CKYRY4ZB,https://www.amazon.com/dp/B0CKYRY4ZB,TRUE,TRUE,SPFBOX,FALSE,,FALSE
69,ALEX KNOWLES,Zero Car,1,https://www.amazon.com/gp/product/B093W1QNK8,B093W1QNK8,https://www.amazon.com/dp/B093W1QNK8,FALSE,TRUE,SPSFC,FALSE,,FALSE
70,ALEX KNOWLES,The Bright Lord,1,https://www.amazon.com/Bright-Lord-Epic-Litrpg-Books-ebook/dp/B0BH8Q6DYD,B0BH8Q6DYD,https://www.amazon.com/dp/B0BH8Q6DYD,FALSE,TRUE,SPFBO7,FALSE,,FALSE
71,TAR ATORE,Soultaming the Serpent,1,https://www.amazon.com/gp/product/B0CGP75RK5,B0CGP75RK5,https://www.amazon.com/dp/B0CGP75RK5,TRUE,TRUE,SPFBOX,FALSE,,FALSE
72,TAR ATORE,The Star Catcher,1,https://www.amazon.com/dp/B0CPFZX8WY,B0CPFZX8WY,https://www.amazon.com/dp/B0CPFZX8WY,FALSE,FALSE,,FALSE,,FALSE
73,CLAUDIE ARSENEAULT,City of Strife,1,https://www.amazon.com/dp/B06VWYQNXH,B06VWYQNXH,https://www.amazon.com/dp/B06VWYQNXH,FALSE,FALSE,,FALSE,,FALSE
74,M. DANIEL McDOWELL,Bringer of the Scourge,1,https://www.amazon.com/dp/B0CGY6P3QX,B0CGY6P3QX,https://www.amazon.com/dp/B0CGY6P3QX,FALSE,TRUE,SPFBOX Semi-finalist,FALSE,,FALSE
75,TAO WONG,Magic Kingdom at War,3,https://www.amazon.com/dp/B0D343FD83,B0D343FD83,https://www.amazon.com/dp/B0D343FD83,FALSE,FALSE,,FALSE,,FALSE
76,TAO WONG,Hidden Wishes,1,https://www.amazon.com/dp/B089KKJRCM,B089KKJRCM,https://www.amazon.com/dp/B089KKJRCM,FALSE,FALSE,,FALSE,,FALSE
77,TAO WONG,Leveled Up Love,1,https://www.amazon.com/dp/B08P2B9S6Z,B08P2B9S6Z,https://www.amazon.com/dp/B08P2B9S6Z,FALSE,FALSE,,FALSE,,FALSE
78,TAO WONG,A Thousand Li,1,https://www.amazon.com/dp/B091D9CZCY,B091D9CZCY,https://www.amazon.com/dp/B091D9CZCY,FALSE,TRUE,SPFBO5,FALSE,,FALSE
79,TAO WONG,Climbing the Ranks,2,https://www.amazon.com/dp/B0CDYBWSHJ,B0CDYBWSHJ,https://www.amazon.com/dp/B0CDYBWSHJ,FALSE,FALSE,,FALSE,,FALSE
80,TAO WONG,System Apocalypse: Australia,3,https://www.amazon.com/dp/B09JL2J6PV,B09JL2J6PV,https://www.amazon.com/dp/B09JL2J6PV,FALSE,FALSE,,FALSE,,FALSE
81,TAO WONG,System Apocalypse: Kismet,3,https://www.amazon.com/dp/B0CKCP6NVZ,B0CKCP6NVZ,https://www.amazon.com/dp/B0CKCP6NVZ,FALSE,FALSE,,FALSE,,FALSE
82,TAO WONG,System Apocalypse: Liberty,1,https://www.amazon.com/dp/B0D7MV5V31,B0D7MV5V31,https://www.amazon.com/dp/B0D7MV5V31,FALSE,FALSE,,FALSE,,FALSE
83,TAO WONG,Eternal Night,3,https://www.amazon.com/dp/B08MFVL87Y,B08MFVL87Y,https://www.amazon.com/dp/B08MFVL87Y,FALSE,FALSE,,FALSE,,FALSE
84,TAO WONG,Adventures on Brad,1,https://www.amazon.com/dp/B07F5PPCR7,B07F5PPCR7,https://www.amazon.com/dp/B07F5PPCR7,FALSE,FALSE,,FALSE,,FALSE
85,DANIEL MAIDMAN,The Exile of Zanzibar,1,https://www.amazon.com/Exile-Zanzibar-Railroad-Book-ebook/dp/B0BWDPLGG4,B0BWDPLGG4,https://www.amazon.com/dp/B0BWDPLGG4,FALSE,TRUE,SPFBO9 Semi-finalist,FALSE,,FALSE
86,GRAYSON SINCLAIR,Trinity of the Hive,3,https://www.amazon.com/gp/product/B08FK7BMRJ,B08FK7BMRJ,https://www.amazon.com/dp/B08FK7BMRJ,FALSE,FALSE,,FALSE,,FALSE
87,JAMES LLOYD DULIN,Malitu,2,https://www.amazon.com/gp/product/B0BSG3ZKBH,B0BSG3ZKBH,https://www.amazon.com/dp/B0BSG3ZKBH,FALSE,TRUE,SPFBO9,FALSE,,FALSE
88,BEN SCHENKMAN,The Devil You Know,3,https://www.amazon.com/dp/B0CQRGD7FV,B0CQRGD7FV,https://www.amazon.com/dp/B0CQRGD7FV,FALSE,TRUE,SPFBOX,FALSE,,FALSE
89,JAMIE MERRIL,The Druid's Son,1,https://www.amazon.com/dp/B0DFVQHQMS,B0DFVQHQMS,https://www.amazon.com/dp/B0DFVQHQMS,FALSE,FALSE,,FALSE,,FALSE
90,ELIZA LEONE,The Final Keeper Trilogy: Keeper's Reign,1,https://www.amazon.com/dp/B0CNP2HX5T,B0CNP2HX5T,https://www.amazon.com/dp/B0CNP2HX5T,FALSE,FALSE,,FALSE,,FALSE
91,ROANNA SYLVER,Stake Sauce,1,https://www.amazon.com/dp/B0784V2CV9,B0784V2CV9,https://www.amazon.com/dp/B0784V2CV9,FALSE,FALSE,,FALSE,,FALSE
92,ROANNA SYLVER,Chameleon Moon,1,https://www.amazon.com/dp/B01LW0O7KJ,B01LW0O7KJ,https://www.amazon.com/dp/B01LW0O7KJ,FALSE,FALSE,,FALSE,,FALSE
93,S.F. HENNE,The Lunar Order Chronicles,1,https://www.amazon.com/dp/B0CNNZ2639,B0CNNZ2639,https://www.amazon.com/dp/B0CNNZ2639,FALSE,TRUE,SPFBOX,FALSE,,FALSE
94,DAVID ESTES & DYRK ASHTON,Kraken RIder Z,1,https://www.amazon.com/gp/aw/d/B0CM57D2BP,B0CM57D2BP,https://www.amazon.com/dp/B0CM57D2BP,FALSE,FALSE,,FALSE,,FALSE
95,DAVID ESTES,Fatemarked,1,https://www.amazon.com/dp/1943363269,B01MTEK3NM,https://www.amazon.com/dp/B01MTEK3NM,FALSE,FALSE,,FALSE,,FALSE
96,DAVID ESTES,Kingfall,1,https://www.amazon.com/Kingfall-David-Estes/dp/B099C5P1HY,B099C5P1HY,https://www.amazon.com/dp/B099C5P1HY,FALSE,FALSE,,FALSE,,FALSE
97,DAVID ESTES,Forsworn,1,https://www.amazon.com/gp/product/B0DGHYNQXP,B0DGHYNQXP,https://www.amazon.com/dp/B0DGHYNQXP,FALSE,FALSE,,FALSE,,FALSE
98,KALANI SHIMIZU,Riyati Rebirth,1,https://www.amazon.com/dp/B0DBJ1JQNV,B0DBJ1JQNV,https://www.amazon.com/dp/B0DBJ1JQNV,TRUE,FALSE,,TRUE,https://store.kalani-shimizu.com/b/rebirth-ebook,FALSE
99,DELILAH WAAN,Resonance Crystal Legacy,1,https://www.amazon.com/dp/B0B2SGJG8H,B0B2SGJG8H,https://www.amazon.com/dp/B0B2SGJG8H,TRUE,TRUE,SPFBO9 Semi-finalist,TRUE,https://www.delilahwaan.com/shop/petition-ebook/,TRUE
100,J. W. JUDGE,The Zauberi Chronicles,3,https://www.amazon.com/dp/B0B2X1L6ZT,B0B2X1L6ZT,https://www.amazon.com/dp/B0B2X1L6ZT,FALSE,TRUE,SPFBO8,FALSE,,FALSE
101,J. W. JUDGE,Watch Party,1,https://www.amazon.com/dp/1954974205,B0CQRG98V9,https://www.amazon.com/dp/B0CQRG98V9,FALSE,FALSE,,FALSE,,FALSE
102,J. W. JUDGE,Casual Business with Fairies,1,https://www.amazon.com/dp/B0BPYX5B1L,B0BPYX5B1L,https://www.amazon.com/dp/B0BPYX5B1L,FALSE,TRUE,SPFBO9,FALSE,,FALSE
103,HJ TOLSON,Liches Get Stitches,1,https://www.amazon.com/dp/B09GNRMHVR,B09GNRMHVR,https://www.amazon.com/dp/B09GNRMHVR,FALSE,TRUE,SPFBO8,FALSE,,FALSE
104,HJ TOLSON,Twilight Kingdom,1,https://www.amazon.com/dp/B0B89MVTGQ,B0B89MVTGQ,https://www.amazon.com/dp/B0B89MVTGQ,FALSE,TRUE,SPFBO9,FALSE,,FALSE
105,D. HALE RAMBO,Between the Lines,1,https://www.amazon.com/dp/B0B5FFCNP5,B0B5FFCNP5,https://www.amazon.com/dp/B0B5FFCNP5,FALSE,FALSE,,TRUE,https://www.dhalerambo.com/product/between-the-lines-books/,FALSE
106,ZAMIL AKHTAR,Gunmetal Gods Saga,4,https://www.amazon.com/dp/B0965XC74F,B0965XC74F,https://www.amazon.com/dp/B0965XC74F,FALSE,TRUE,SPFBO7 Semi-finalist,FALSE,,FALSE
107,ZAMIL AKHTAR,Lightblade,1,https://www.amazon.com/dp/B0B1MNYTSB,B0B1MNYTSB,https://www.amazon.com/dp/B0B1MNYTSB,FALSE,TRUE,SPFBO8 Semi-finalist,FALSE,,FALSE
108,JEFFREY HALL,The Crumbling Kingdom,1,https://www.amazon.com/dp/B07K5KR1NX,B07K5KR1NX,https://www.amazon.com/dp/B07K5KR1NX,FALSE,TRUE,SPFBO5 Semi-finalist,FALSE,,FALSE
109,JEFFREY HALL,Shadow of the Dragod,1,https://www.amazon.com/dp/B0CBG7HK6R,B0CBG7HK6R,https://www.amazon.com/dp/B0CBG7HK6R,FALSE,FALSE,,FALSE,,FALSE
110,JEFFREY HALL,The City of a Thousand Faces,1,https://www.amazon.com/dp/1979551073,B077XP12Q8,https://www.amazon.com/dp/B077XP12Q8,FALSE,TRUE,SPFBO4,FALSE,,FALSE
111,JOSHUA SCOTT EDWARDS,Dance of the Sibling Suns,2,https://www.amazon.com/dp/B0BBTR45B4,B0BBTR45B4,https://www.amazon.com/dp/B0BBTR45B4,FALSE,TRUE,SPFBO9 Semi-finalist,FALSE,,FALSE
112,ASHLEY CAPES,A Drifting Sun,1,https://www.amazon.com/Drifting-Sun-Exiles-Trilogy-Book-ebook/dp/B0CPTXSFCB,B0CPTXSFCB,https://www.amazon.com/dp/B0CPTXSFCB,FALSE,TRUE,SPFBOX,FALSE,,FALSE
113,LADZ,The Fealty of Monsters (illus. by Soren Häxan),1,https://www.amazon.com/dp/B0CLKZ7JBC,B0CLKZ7JBC,https://www.amazon.com/dp/B0CLKZ7JBC,TRUE,TRUE,SPFBOX,TRUE,https://ladzwriting.itch.io/the-fealty-of-monsters-vol-1,FALSE
114,LADZ,The Cradle of Eternal Night (illus. by Pom Poison),1,https://www.amazon.com/Cradle-Eternal-Night-Ladz-ebook/dp/B0D2VXGQD2,B0D2VXGQD2,https://www.amazon.com/dp/B0D2VXGQD2,TRUE,FALSE,,TRUE,https://ladzwriting.itch.io/the-cradle-of-eternal-night,FALSE
115,LADZ,Ice Upon a Pier,1,https://www.amazon.com/Ice-Upon-Pier-Ladz-ebook/dp/B0BSDPRF94,B0BSDPRF94,https://www.amazon.com/dp/B0BSDPRF94,TRUE,FALSE,,TRUE,https://ladzwriting.itch.io/ice-upon-a-pier,FALSE
116,CHARLOTTE KERSTEN,When We Walked in Memory,1,https://www.amazon.com/dp/B0CKSG65TP,B0CKSG65TP,https://www.amazon.com/dp/B0CKSG65TP,TRUE,FALSE,,FALSE,,FALSE
117,S.A. THOLIN,Iron Truth,1,https://www.amazon.com/dp/B07BJNM59W,B07BJNM59W,https://www.amazon.com/dp/B07BJNM59W,FALSE,TRUE,SPSFC1 Champion,FALSE,,FALSE
118,AJ ALEXANDERS,Not Your Mountain,1,https://www.amazon.com/dp/B0CGJXTTB6,B0CGJXTTB6,https://www.amazon.com/dp/B0CGJXTTB6,FALSE,TRUE,,FALSE,,FALSE
119,ZACHARY FORBES & JOSHUA FORBES,Continuum,2,https://www.amazon.com/dp/B0CDRDN68R,B0CDRDN68R,https://www.amazon.com/dp/B0CDRDN68R,FALSE,TRUE,SPSFC3,FALSE,,FALSE
120,ZACHARY FORBES,Terra Nullius,1,https://www.amazon.com/Terra-Nullius-Slipspace-Book-1-ebook/dp/B0CRQS9L4Y,B0CRQS9L4Y,https://www.amazon.com/dp/B0CRQS9L4Y,FALSE,TRUE,SPSFC4,FALSE,,FALSE
121,J.A. ANDREWS,Keeper Chronicles complete trilogy,1,https://www.amazon.com/Keeper-Chronicles-Complete-Fantasy-Trilogy-ebook/dp/B07QN31TDH,B07QN31TDH,https://www.amazon.com/dp/B07QN31TDH,FALSE,TRUE,SPFBO3 Semi-finalist,FALSE,,FALSE
122,J.A. ANDREWS,Keeper Origins complete trilogy,1,https://www.amazon.com/Keeper-Origins-Complete-Trilogy-ebook/dp/B0CBG57QHZ,B0CBG57QHZ,https://www.amazon.com/dp/B0CBG57QHZ,FALSE,TRUE,SPFBO6 Semi-finalist,FALSE,,FALSE
123,GEETHA KRISHNAN,Jaya!,4,https://www.amazon.com/dp/B09DVZ9N1T,B09DVZ9N1T,https://www.amazon.com/dp/B09DVZ9N1T,TRUE,TRUE,SPFBO 6 Semi-finalist,TRUE,https://ko-fi.com/s/d22539024e,FALSE
124,NIRANJAN,Blue,1,https://www.amazon.com/Blue-Niranjan-K-ebook/dp/B0893Q2TDP,B0893Q2TDP,https://www.amazon.com/dp/B0893Q2TDP,TRUE,FALSE,,FALSE,,FALSE
125,NIRANJAN,Out of the Blue,1,https://www.amazon.com/dp/B09L652VQY,B09L652VQY,https://www.amazon.com/dp/B09L652VQY,TRUE,FALSE,,FALSE,,FALSE
126,KAREN LUCIA,Landbringer,1,https://www.amazon.com/Landbringer-Karen-Lucia-ebook/dp/B0BLT6XPLT,B0BLT6XPLT,https://www.amazon.com/dp/B0BLT6XPLT,TRUE,TRUE,SPFBOX,FALSE,,FALSE
127,KAREN LUCIA,Warriors of Helsvern Series,3,https://www.amazon.com/dp/B08Y5T3KBF,B08Y5T3KBF,https://www.amazon.com/dp/B08Y5T3KBF,FALSE,FALSE,,FALSE,,FALSE
128,KAREN LUCIA,From Earth To the Unknown Series,2,https://www.amazon.com/dp/B0CW19VFR8,B0CW19VFR8,https://www.amazon.com/dp/B0CW19VFR8,FALSE,TRUE,SFINCS2 Semi-finalist,FALSE,,FALSE
129,K.E. ANDREWS,The Assassin of Grins and Secrets,1,https://www.amazon.com/Assassin-Grins-Secrets-Grinning-Book-ebook/dp/B09D2H9PFJ,B09D2H9PFJ,https://www.amazon.com/dp/B09D2H9PFJ,FALSE,TRUE,SPFBO8 Semi-finalist,FALSE,,FALSE
130,K.E. ANDREWS,Hills of Heather and Bone,1,https://www.amazon.com/Hills-Heather-Bone-K-Andrews-ebook/dp/B0C1212GJR,B0C1212GJR,https://www.amazon.com/dp/B0C1212GJR,FALSE,TRUE,SPFBO9 Finalist,FALSE,,FALSE
131,DEREK ALAN SIDDOWAY,Mana Beasts,2,https://www.amazon.com/dp/B0CFKTHGFJ,B0CFKTHGFJ,https://www.amazon.com/dp/B0CFKTHGFJ,FALSE,FALSE,,FALSE,,FALSE
132,DEREK ALAN SIDDOWAY,Djinn Tamer,3,https://www.amazon.com/dp/B07P7Y7NH2,B07P7Y7NH2,https://www.amazon.com/dp/B07P7Y7NH2,FALSE,TRUE,SPFBO7,FALSE,,FALSE
133,G.J. TERRAL,The Binding Tenets Trilogy,3,https://www.amazon.com/The-Binding-Tenets-Trilogy-1-book-series/dp/B0D1JSL413,B0D1JSL413,https://www.amazon.com/dp/B0D1JSL413,FALSE,TRUE,SPFBOX,FALSE,,FALSE
134,MIKE MOLLMAN,The Protectors of Pretanni,4,https://www.amazon.com/dp/B0B3SQYRXJ,B0B3SQYRXJ,https://www.amazon.com/dp/B0B3SQYRXJ,FALSE,TRUE,SPFBO9,FALSE,,FALSE
135,MIKE MOLLMAN,The Children of Mars,1,https://www.amazon.com/dp/B0D3524D2F,B0D3524D2F,https://www.amazon.com/dp/B0D3524D2F,FALSE,TRUE,SPSFC4,FALSE,,FALSE
136,JUSTIN GREER,The Garden Knight,3,https://www.amazon.com/dp/B0CW173MVB,B0CW173MVB,https://www.amazon.com/dp/B0CW173MVB,FALSE,FALSE,,FALSE,,FALSE
137,ALEXANDER LAYNE,Dark Ascension,1,https://www.amazon.com/dp/B0CTFCVCYT,B0CTFCVCYT,https://www.amazon.com/dp/B0CTFCVCYT,FALSE,FALSE,,FALSE,,FALSE
138,ALEXANDER LAYNE,The Bone Spear,1,https://www.amazon.com/Bone-Spear-Flayed-Trilogy-Book-ebook/dp/B0BY9MRZXP,B0BY9MRZXP,https://www.amazon.com/dp/B0BY9MRZXP,FALSE,TRUE,SPFBO9,FALSE,,FALSE
139,S.M. MCCOY ,Taking Medusa,1,https://www.amazon.com/gp/product/B0C6NXSN7X,B0C6NXSN7X,https://www.amazon.com/dp/B0C6NXSN7X,FALSE,FALSE,,FALSE,,FALSE
140,MARIE M. MULLANY,The Sangwheel Chronicles,3,https://www.amazon.com/dp/B099Q91TL1,B099Q91TL1,https://www.amazon.com/dp/B099Q91TL1,FALSE,TRUE,SPFBO8,FALSE,,FALSE
141,MARIE M. MULLANY & MAXWELL ALEXANDER DRAKE,Skies of Destiny,1,https://www.amazon.com/dp/B0C83RPF9J,B0C83RPF9J,https://www.amazon.com/dp/B0C83RPF9J,FALSE,FALSE,,FALSE,,FALSE
143,SUSANA IMAGINARIO,Timelessness,5,https://www.amazon.com/gp/product/B08F2SG8Z6,B08F2SG8Z6,https://www.amazon.com/dp/B08F2SG8Z6,FALSE,TRUE,SPFBO6,FALSE,,FALSE
144,JOAO F. SILVA,The Smokesmiths,2,https://www.amazon.com/dp/B0BYTV3STB,B0BYTV3STB,https://www.amazon.com/dp/B0BYTV3STB,FALSE,TRUE,SPFBO9,FALSE,,FALSE
145,C.B.LANSDELL,Far Removed: #1 in The Apidecca Duology,1,https://www.amazon.com/gp/product/B0C6KZFD1C,B0C6KZFD1C,https://www.amazon.com/dp/B0C6KZFD1C,FALSE,TRUE,SPSFC4,FALSE,,FALSE
146,JOEL GLOVER,The Thirteenth Prince,1,https://www.amazon.co.uk/Thirteenth-Prince-Joel-Glover-ebook/dp/B0CTHRQLG2,B0CTHRQLG2,https://www.amazon.com/dp/B0CTHRQLG2,FALSE,FALSE,,FALSE,,FALSE
147,JOEL GLOVER,The Path of Pain and Ruin,1,https://www.amazon.co.uk/gp/product/B0BRYHR6MZ,B0BRYHR6MZ,https://www.amazon.com/dp/B0BRYHR6MZ,FALSE,FALSE,,FALSE,,FALSE
148,JOEL GLOVER,A Many Winged Retreat,1,https://www.amazon.co.uk/Many-Winged-Retreat-Joel-Glover-ebook/dp/B0D5CP82F6,B0D5CP82F6,https://www.amazon.com/dp/B0D5CP82F6,FALSE,FALSE,,FALSE,,FALSE
149,S.L. ROWLAND,Cursed Cocktails: A Cozy Fantasy,1,https://www.amazon.com/dp/B0BT8S49LX,B0BT8S49LX,https://www.amazon.com/dp/B0BT8S49LX,FALSE,TRUE,SPFBOX Semi-finalist,FALSE,,FALSE
150,S.L. ROWLAND,Sword & Thistle: A Cozy Fantasy Adventure,1,https://www.amazon.com/dp/B0CFG86DKR,B0CFG86DKR,https://www.amazon.com/dp/B0CFG86DKR,FALSE,FALSE,,FALSE,,FALSE
151,S.L. ROWLAND,Sentenced to Troll,1,https://www.amazon.com/dp/B07L6QL8KK,B07L6QL8KK,https://www.amazon.com/dp/B07L6QL8KK,FALSE,TRUE,SPFBO6,FALSE,,FALSE
152,S.L. ROWLAND,Pangea Online: The Complete Trilogy,1,https://www.amazon.com/dp/B092DZL9Q6,B092DZL9Q6,https://www.amazon.com/dp/B092DZL9Q6,FALSE,FALSE,,FALSE,,FALSE
153,R. M. KROGMAN,Liberation ,1,https://www.amazon.com/dp/B0C8Z8J5YQ,B0C8Z8J5YQ,https://www.amazon.com/dp/B0C8Z8J5YQ,FALSE,TRUE,SPFBOX Semi-finalist,FALSE,,FALSE
154,A. R. TURNER,Culpa Magum,1,https://www.amazon.co.uk/dp/B0D9WT5RGP,B0D9WT5RGP,https://www.amazon.com/dp/B0D9WT5RGP,FALSE,FALSE,,FALSE,,FALSE
155,ALEX SCHEUERMANN,The Odyllic Stone,1,www.amazon.com/dp/B0CWKXC13Y,B0CWKXC13Y,https://www.amazon.com/dp/B0CWKXC13Y,FALSE,FALSE,,FALSE,,FALSE
156,DAVE LAWSON,The Envoys of War,1,https://www.amazon.com/Envoys-War-Chaos-Book-ebook/dp/B0D8KCM7MT,B0D8KCM7MT,https://www.amazon.com/dp/B0D8KCM7MT,FALSE,FALSE,,FALSE,,FALSE
157,M. K. BAKER,Trip Fantastik,1,https://www.amazon.com/dp/B0838NKRCK,B0838NKRCK,https://www.amazon.com/dp/B0838NKRCK,FALSE,FALSE,,FALSE,,FALSE
158,IAN LEWIS,The Reeve Series,3,https://www.amazon.com/dp/B087JRF244,B087JRF244,https://www.amazon.com/dp/B087JRF244,FALSE,TRUE,SPFBO5,FALSE,,FALSE
159,IAN LEWIS,The Driver Series,5,https://www.amazon.com/dp/B075VG3R6H,B075VG3R6H,https://www.amazon.com/dp/B075VG3R6H,FALSE,FALSE,,FALSE,,FALSE
160,IAN LEWIS,Power in the Hands of One,1,https://www.amazon.com/dp/B077VN9PW4,B077VN9PW4,https://www.amazon.com/dp/B077VN9PW4,FALSE,FALSE,,FALSE,,FALSE
161,SHANNON KNIGHT,Wish Givers,1,https://www.amazon.com/dp/B0BSB8V5QQ ,B0BSB8V5QQ,https://www.amazon.com/dp/B0BSB8V5QQ,TRUE,TRUE,SPFBOX,FALSE,,FALSE
162,SHANNON KNIGHT,Insiders,1,https://www.amazon.com/dp/B0BTBBGY6V,B0BTBBGY6V,https://www.amazon.com/dp/B0BTBBGY6V,TRUE,TRUE,SPSFC3,FALSE,,FALSE
163,TIM AKERS,Bladecaster Ephemera,3,https://www.amazon.com/dp/B0CD2VBN8S,B0CD2VBN8S,https://www.amazon.com/dp/B0CD2VBN8S,FALSE,TRUE,SFINCS1,FALSE,,FALSE
164,CHRIS RITCHEY,Small Town Problems,1,https://www.amazon.com/dp/B0DHF82PBP,B0DHF82PBP,https://www.amazon.com/dp/B0DHF82PBP,FALSE,TRUE,SPSFC4,TRUE,https://small-town-problems.square.site/product/ebook-small-town-problems-isbn-9798223117292-/5,FALSE
165,A. R. WITHAM,The Legend of Black Jack,1,https://www.amazon.com/dp/B09QJ24S76,B09QJ24S76,https://www.amazon.com/dp/B09QJ24S76,FALSE,TRUE,SPFBO9,FALSE,,FALSE
166,A. R. WITHAM,The Crimes of Rooker Flynn,1,https://www.amazon.com/dp/B0D88KFTT4,B0D88KFTT4,https://www.amazon.com/dp/B0D88KFTT4,FALSE,FALSE,,FALSE,,FALSE
167,NATALIE KELDA,Inner Universe,5,https://www.amazon.com/dp/B0BT8QB2C4,B0BT8QB2C4,https://www.amazon.com/dp/B0BT8QB2C4,FALSE,TRUE,SPFBO9,FALSE,,FALSE
168,C. J. DALEY,BestGhost: A Novelette ,1,https://www.amazon.com/dp/B0D3RZ45KM,B0D3RZ45KM,https://www.amazon.com/dp/B0D3RZ45KM,FALSE,FALSE,,FALSE,,FALSE
169,ADAM BASSETT,Digital Extremities,1,https://www.amazon.com/dp/B0D8GF7X4G,B0D8GF7X4G,https://www.amazon.com/dp/B0D8GF7X4G,FALSE,FALSE,,FALSE,,FALSE
170,WILLIAM C. TRACY,The Dissolution Cycle,4,https://www.amazon.com/dp/B07PSKP3ZB,B07PSKP3ZB,https://www.amazon.com/dp/B07PSKP3ZB,FALSE,TRUE,SPFBO4,FALSE,,FALSE
171,WILLIAM C. TRACY,The Biomass Conflux,3,https://www.amazon.com/dp/B0BF5XVYR8,B0BF5XVYR8,https://www.amazon.com/dp/B0BF5XVYR8,FALSE,TRUE,SPSFC3,FALSE,,FALSE
172,WILLIAM C. TRACY,Physical Magic,1,https://www.amazon.com/dp/B0DHW6XMJG,B0DHW6XMJG,https://www.amazon.com/dp/B0DHW6XMJG,FALSE,FALSE,,FALSE,,FALSE
173,J.S. FIELDS,The Ardulum Series,5,https://www.amazon.com/dp/B0BS1LGD5S,B0BS1LGD5S,https://www.amazon.com/dp/B0BS1LGD5S,FALSE,FALSE,,FALSE,,FALSE
174,J.S. FIELDS,Worlds Apart Anthologies,4,https://www.amazon.com/dp/B0B98RNQK5,B0B98RNQK5,https://www.amazon.com/dp/B0B98RNQK5,FALSE,FALSE,,FALSE,,FALSE
175,J.S. FIELDS,The Rosewood Penny,1,https://www.amazon.com/dp/B0CMFYP3HC,B0CMFYP3HC,https://www.amazon.com/dp/B0CMFYP3HC,FALSE,FALSE,,FALSE,,FALSE
176,CHRIS GERRIB,One of Our Spaceships is Missing,1,https://www.amazon.com/dp/B0B3NJ58NR,B0B3NJ58NR,https://www.amazon.com/dp/B0B3NJ58NR,FALSE,FALSE,,FALSE,,FALSE
177,J. ALEXANDER COHEN,Talio's Codex,1,https://www.amazon.com/dp/B0D3D6ZP3X,B0D3D6ZP3X,https://www.amazon.com/dp/B0D3D6ZP3X,FALSE,FALSE,,FALSE,,FALSE
178,CHAITANYA MURALI,Ajakava,1,https://www.amazon.com/dp/B0CCLPS7N3,B0CCLPS7N3,https://www.amazon.com/dp/B0CCLPS7N3,FALSE,FALSE,,FALSE,,FALSE
179,A.Z. ROZKILLIS,Space Station X,1,https://www.amazon.com/dp/B0D9P72GHW,B0D9P72GHW,https://www.amazon.com/dp/B0D9P72GHW,FALSE,FALSE,,FALSE,,FALSE
180,SARA CODAIR,Junk Junction,1,https://www.amazon.com/dp/B0CBKT1NJ5,B0CBKT1NJ5,https://www.amazon.com/dp/B0CBKT1NJ5,FALSE,FALSE,,FALSE,,FALSE
181,ROBIN C.M. DUNCAN,Quirk&Moth,3,https://www.amazon.com/dp/B0B7KVL7CH,B0B7KVL7CH,https://www.amazon.com/dp/B0B7KVL7CH,FALSE,FALSE,,FALSE,,FALSE
182,C.J. HOSACK,The Slayer's Magic,1,https://www.amazon.com/dp/B0CV4NQ63B,B0CV4NQ63B,https://www.amazon.com/dp/B0CV4NQ63B,FALSE,FALSE,,FALSE,,FALSE
183,REESE HOGAN,My Heart Is Human,1,https://www.amazon.com/dp/B0C57HTVHH,B0C57HTVHH,https://www.amazon.com/dp/B0C57HTVHH,FALSE,FALSE,,FALSE,,FALSE
184,DAN EAVENSON,The World of Juno,1,https://www.amazon.com/dp/B0BGT5ZGMW,B0BGT5ZGMW,https://www.amazon.com/dp/B0BGT5ZGMW,FALSE,FALSE,,FALSE,,FALSE
185,JORDAN A. WERNER,The Witch and the Ostrich,1,https://www.amazon.com/dp/B0CRRYLMKF,B0CRRYLMKF,https://www.amazon.com/dp/B0CRRYLMKF,FALSE,FALSE,,FALSE,,FALSE
186,ALEX KINGSLEY,Empress of Dust,1,https://www.amazon.com/dp/B0D9PSZH35,B0D9PSZH35,https://www.amazon.com/dp/B0D9PSZH35,FALSE,FALSE,,FALSE,,FALSE
187,E.L. MONTAGUE,Heirs to a Flawed Creation,2,https://a.co/d/7b2dDkH,B0CY98X41X,https://www.amazon.com/dp/B0CY98X41X,FALSE,FALSE,,FALSE,,FALSE
188,E.L. MONTAGUE,Adrift in the Next Revolution,2,https://a.co/d/aXK1xM6,B0D9TSF7B5,https://www.amazon.com/dp/B0D9TSF7B5,FALSE,FALSE,,FALSE,,FALSE
189,MELINDA KUCSERA,Rogue Gods,3,https://www.amazon.com/dp/B0D73XGGTS,B0D73XGGTS,https://www.amazon.com/dp/B0D73XGGTS,FALSE,FALSE,,FALSE,,FALSE
190,MELINDA KUCSERA,Curse Breaker Enchanted,11,https://www.amazon.com/dp/B075TXDB8Z,B075TXDB8Z,https://www.amazon.com/dp/B075TXDB8Z,FALSE,TRUE,SPFBO9,TRUE,https://mkucsera.gumroad.com/l/tlgvx,FALSE
191,MELINDA KUCSERA,His Angelic Keeper,4,https://www.amazon.com/dp/B08R313F2X,B08R313F2X,https://www.amazon.com/dp/B08R313F2X,FALSE,FALSE,,TRUE,https://mkucsera.gumroad.com/l/kbogy,FALSE
192,LIZ SAUCO,Lost Blades,1,https://www.amazon.com/dp/B0C7T3XWDQ,B0C7T3XWDQ,https://www.amazon.com/dp/B0C7T3XWDQ,TRUE,FALSE,,TRUE,https://lizsaucoshop.com/collections/lost-blades/products/copy-of-preorder-lost-blades-kindle-and-ebook,FALSE
193,LILY GREENE,An Ambitious Woman and Her Very Normal Pet,1,https://www.amazon.com/dp/B0DJ8GDDXW,B0DJ8GDDXW,https://www.amazon.com/dp/B0DJ8GDDXW,FALSE,FALSE,,FALSE,,FALSE
194,THOMAS J DEVENS,Fall of Emros,2,https://www.amazon.com/dp/B08KDPQH1G,B08KDPQH1G,https://www.amazon.com/dp/B08KDPQH1G,FALSE,FALSE,,FALSE,,FALSE
195,THOMAS J DEVENS,Vermin of the Old Empire,2,https://www.amazon.com/dp/B0CTHPPTDW,B0CTHPPTDW,https://www.amazon.com/dp/B0CTHPPTDW,FALSE,TRUE,SPFBO7,FALSE,,FALSE
196,SARAH LIN,New Game Minus,3,https://www.amazon.com/dp/B07PHMHLLP,B07PHMHLLP,https://www.amazon.com/dp/B07PHMHLLP,FALSE,FALSE,,FALSE,,FALSE
197,SARAH LIN,The Brightest Shadow,4,https://www.amazon.com/dp/B085RG85DC,B085RG85DC,https://www.amazon.com/dp/B085RG85DC,FALSE,FALSE,,FALSE,,FALSE
198,SARAH LIN,Street Cultivation,3,https://www.amazon.com/dp/B086YRRJ97,B086YRRJ97,https://www.amazon.com/dp/B086YRRJ97,FALSE,FALSE,,FALSE,,FALSE
199,SARAH LIN,The Weirkey Chronicles,8,https://www.amazon.com/dp/B08P824NFN,B08P824NFN,https://www.amazon.com/dp/B08P824NFN,FALSE,FALSE,,FALSE,,FALSE
200,NIAMH & REBECCA SCHMID,A Daughter's Ransom ,5,https://www.amazon.com/dp/B08R2JJNMW,B08R2JJNMW,https://www.amazon.com/dp/B08R2JJNMW,FALSE,FALSE,,FALSE,,FALSE
201,G.M. NAIR,Duckett & Dyer: Dicks For Hire,1,https://www.amazon.com/dp/B087H3N8QK,B087H3N8QK,https://www.amazon.com/dp/B087H3N8QK,FALSE,TRUE,SPSFC,FALSE,,FALSE
202,B.N. REELE,Vanishing Ink,1,https://www.amazon.com/dp/B0BSB1CZQQ,B0BSB1CZQQ,https://www.amazon.com/dp/B0BSB1CZQQ,FALSE,TRUE,SPFBO9,FALSE,,FALSE
203,B.N. REELE,A Curse Within The Waves,1,https://www.amazon.com/dp/B0CW1Q5YMT,B0CW1Q5YMT,https://www.amazon.com/dp/B0CW1Q5YMT,FALSE,TRUE,SPFBOX,FALSE,,FALSE
204,ALEX RAIZMAN,The Dungeon that Walks Like A Man,1,https://www.amazon.com/dp/B0BVNN6TFQ,B0BVNN6TFQ,https://www.amazon.com/dp/B0BVNN6TFQ,FALSE,TRUE,SPFBO9,FALSE,,FALSE
205,ALEX RAIZMAN,Dinosaur Dungeon,3,https://www.amazon.com/dp/B092YS2VV2,B092YS2VV2,https://www.amazon.com/dp/B092YS2VV2,FALSE,TRUE,SPFBO7,FALSE,,FALSE
206,ALEX RAIZMAN,Tamer of the Beasts,1,https://www.amazon.com//dp/B08KFM1P2B,B08KFM1P2B,https://www.amazon.com/dp/B08KFM1P2B,FALSE,TRUE,,FALSE,,FALSE
207,ALEX RAIZMAN,Factory of the Gods Omnibus,1,https://www.amazon.com/dp/B09SR2XFG1,B09SR2XFG1,https://www.amazon.com/dp/B09SR2XFG1,FALSE,TRUE,SPFBO8,FALSE,,FALSE
208,ALEX RAIZMAN,The Dragon's Scion,2,https://www.amazon.com/dp/B08R6HB1C6,B08R6HB1C6,https://www.amazon.com/dp/B08R6HB1C6,FALSE,FALSE,,FALSE,,FALSE
209,ALEX RAIZMAN,Small Worlds,2,https://www.amazon.com/dp/B07DYFSTN7,B07DYFSTN7,https://www.amazon.com/dp/B07DYFSTN7,FALSE,TRUE,SPFBO5 Semi-finalist,FALSE,,FALSE
210,ALEX RAIZMAN,The Primeval Apocalypse,4,https://www.amazon.com/dp/B0CC4W84RR,B0CC4W84RR,https://www.amazon.com/dp/B0CC4W84RR,FALSE,FALSE,,FALSE,,FALSE
211,ALEX RAIZMAN,Tidecaller,1,https://www.amazon.com/dp/B08NHTFFZN,B08NHTFFZN,https://www.amazon.com/dp/B08NHTFFZN,FALSE,FALSE,,FALSE,,FALSE
212,C.M. LACKNER,Memories of Madness,2,https://www.amazon.com/dp/B08J83SXSF,B08J83SXSF,https://www.amazon.com/dp/B08J83SXSF,FALSE,TRUE,SPFBO7 Semi-finalist,FALSE,,FALSE
213,NOOR AL-SHANTI,Children of the Dead City ,1,https://www.amazon.com/dp/B07SSMQ7BL,B07SSMQ7BL,https://www.amazon.com/dp/B07SSMQ7BL,TRUE,TRUE,SPFBO5,FALSE,,FALSE
214,NOOR AL-SHANTI,When the Traveler Stands Still ,1,https://www.amazon.com/dp/B09VFX5WPP,B09VFX5WPP,https://www.amazon.com/dp/B09VFX5WPP,TRUE,TRUE,SPFBO8,FALSE,,FALSE
215,NOOR AL-SHANTI,Isaree of the Wild Isles,1,https://www.amazon.com/dp/B0CB4TLL4Q,B0CB4TLL4Q,https://www.amazon.com/dp/B0CB4TLL4Q,TRUE,TRUE,SPFBOX,FALSE,,FALSE
216,KEL E FOX,The Lightless Prophecy,3,https://www.amazon.com/dp/B09HCRH78B,B09HCRH78B,https://www.amazon.com/dp/B09HCRH78B,FALSE,TRUE,SPFBO8,TRUE,https://kelefox.com/lightless-prophecy-set/,FALSE
217,K.L. ZIGGLER,Of Spies and Shadows,1,https://www.amazon.com/dp/B0CK851D1D,B0CK851D1D,https://www.amazon.com/dp/B0CK851D1D,FALSE,FALSE,,FALSE,,FALSE
218,M.C. BURNELL,We,1,https://www.amazon.com/dp/B09H41MGZF,B09H41MGZF,https://www.amazon.com/dp/B09H41MGZF,FALSE,FALSE,,FALSE,,FALSE
219,M.C. BURNELL,The Elsewhere Riddle,4,https://www.amazon.com/dp/B09JN8PTMP,B09JN8PTMP,https://www.amazon.com/dp/B09JN8PTMP,FALSE,FALSE,,FALSE,,FALSE
220,MATTHEW SIADAK,The Dark Side of Super,1,https://www.amazon.com/dp/B0D343ZP53,B0D343ZP53,https://www.amazon.com/dp/B0D343ZP53,FALSE,FALSE,,FALSE,,FALSE
221,T L GREYLOCK,The Song of the Ash Tree,3,https://www.amazon.com/dp/B0749QLNLV,B0749QLNLV,https://www.amazon.com/dp/B0749QLNLV,FALSE,TRUE,SPFBO2,FALSE,,FALSE
222,J.A. VODVARKA,Unworthy,1,https://www.amazon.com/dp/B0CT493HMS,B0CT493HMS,https://www.amazon.com/dp/B0CT493HMS,FALSE,FALSE,,FALSE,,FALSE
223,N.J. ALEXANDER,Fogbound,1,https://www.amazon.com/dp/B0CHY3F4SV,B0CHY3F4SV,https://www.amazon.com/dp/B0CHY3F4SV,FALSE,TRUE,SPFBOX,FALSE,,FALSE
224,J.C. RYCROFT,The Blood-Born Dragon,1,https://www.amazon.com/dp/B0BRW511MV,B0BRW511MV,https://www.amazon.com/dp/B0BRW511MV,FALSE,TRUE,SPFBO9,FALSE,,FALSE
225,J.C. SNOW,The Phoenix and the Sword,1,https://www.amazon.com/dp/B0B4BY19QP,B0B4BY19QP,https://www.amazon.com/dp/B0B4BY19QP,FALSE,TRUE,,FALSE,,FALSE
226,RYAN KIRK,Nightblade,1,https://www.amazon.com/dp/B013D0H2GS,B013D0H2GS,https://www.amazon.com/dp/B013D0H2GS,FALSE,FALSE,,FALSE,,FALSE
227,RYAN KIRK,Last Sword in the West,1,https://www.amazon.com/dp/B08X6535ZN,B08X6535ZN,https://www.amazon.com/dp/B08X6535ZN,FALSE,TRUE,SPFBO7,TRUE,https://ryankirkauthor.com/products/last-sword-in-the-west,FALSE
228,SIGNE HART,The Kiss of the Sky,1,https://www.amazon.com/dp/B0CN9RMMHG,B0CN9RMMHG,https://www.amazon.com/dp/B0CN9RMMHG,FALSE,TRUE,SPFBOX,FALSE,,FALSE
229,MORGAN K. BELL,Broken Sky,1,https://www.amazon.com/dp/B09XGVP379,B09XGVP379,https://www.amazon.com/dp/B09XGVP379,FALSE,TRUE,SPFBO8,FALSE,,FALSE
230,T.J.J. KLAMVIK,The Last Spell Knight,2,https://www.amazon.com/dp/B0CJP95GH1,B0CJP95GH1,https://www.amazon.com/dp/B0CJP95GH1,FALSE,FALSE,,FALSE,,FALSE
231,T.J.J. KLAMVIK,The Gentle Stirrings of a Soul Beneath,1,https://www.amazon.com/dp/B0BYR28RCK,B0BYR28RCK,https://www.amazon.com/dp/B0BYR28RCK,FALSE,FALSE,,FALSE,,FALSE
232,T.J.J. KLAMVIK,Siren's Call,1,https://www.amazon.com/dp/B0BLKW6V63,B0BLKW6V63,https://www.amazon.com/dp/B0BLKW6V63,FALSE,FALSE,,FALSE,,FALSE
233,AUDREY MARTIN,A Searing Faith,1,https://www.amazon.com/dp/9998797209,B0C1T69S6C,https://www.amazon.com/dp/B0C1T69S6C,FALSE,TRUE,SPFBO9,FALSE,,FALSE
234,H.C. NEWELL,Fallen Light Series,4,https://www.amazon.com/gp/product/B0B84VXLFD,B0B84VXLFD,https://www.amazon.com/dp/B0B84VXLFD,FALSE,TRUE,SPFBO9,FALSE,,FALSE
235,Y. R. LIU,Hallowed,1,https://www.amazon.com/dp/B0CC4VF3M7,B0CC4VF3M7,https://www.amazon.com/dp/B0CC4VF3M7,TRUE,TRUE,SPFBOX,FALSE,,FALSE
236,Y. R. LIU,The Whisperer in White,1,https://www.amazon.com/dp/B0CVFGK6PY,B0CVFGK6PY,https://www.amazon.com/dp/B0CVFGK6PY,TRUE,FALSE,,FALSE,,FALSE
237,D. H. WILLISON,The Queen Bee,1,https://www.amazon.com/dp/B0DHDZ9T8B,B0DHDZ9T8B,https://www.amazon.com/dp/B0DHDZ9T8B,FALSE,FALSE,,FALSE,,FALSE
238,D. H. WILLISON,Harpyness is Only Skin Deep,1,https://www.amazon.com/dp/B082Z44YDG,B082Z44YDG,https://www.amazon.com/dp/B082Z44YDG,FALSE,TRUE,SPFBO6,FALSE,,FALSE
239,D. H. WILLISON,Hazelhearth Hires Heroes,1,https://www.amazon.com/dp/B098FC21K8,B098FC21K8,https://www.amazon.com/dp/B098FC21K8,FALSE,TRUE,SPFBO8,FALSE,,FALSE
240,A.K.M. BEACH,The Banshee's Curse Duology,2,https://www.amazon.com/gp/product/B094N42W45,B094N42W45,https://www.amazon.com/dp/B094N42W45,FALSE,TRUE,SPFBO7,FALSE,,FALSE
241,A.K.M. BEACH,The Platinum Order Mysteries,2,https://www.amazon.com/dp/B0CHR3FF13,B0CHR3FF13,https://www.amazon.com/dp/B0CHR3FF13,FALSE,FALSE,,FALSE,,FALSE
242,LORNE RYBURN,The Menocht Loop,1,https://www.amazon.com/dp/B09M6L22P4,B09M6L22P4,https://www.amazon.com/dp/B09M6L22P4,FALSE,TRUE,SPFBO8 Semi-finalist,FALSE,,FALSE
243,STRUNGBOUND,Ghost of the Truthseeker,1,https://www.amazon.com/dp/B0BWDBNLY1,B0BWDBNLY1,https://www.amazon.com/dp/B0BWDBNLY1,FALSE,FALSE,,FALSE,,FALSE
244,MALCOLM TENT,Wish Upon the Stars,1,https://www.amazon.com/dp/B0CCV3MZ81,B0CCV3MZ81,https://www.amazon.com/dp/B0CCV3MZ81,FALSE,FALSE,,FALSE,,FALSE
245,ALEXANDER OLSON,Ends of Magic,1,https://www.amazon.com/dp/B0CJBL9RXV,B0CJBL9RXV,https://www.amazon.com/dp/B0CJBL9RXV,FALSE,FALSE,,FALSE,,FALSE
246,OSTENSIBLE MAMMAL,Godclads,1,https://www.amazon.com/dp/B0CQMLB7P3,B0CQMLB7P3,https://www.amazon.com/dp/B0CQMLB7P3,FALSE,FALSE,,FALSE,,FALSE
247,HARISH R. BHARADWAJ,The Centennial Dungeon,1,https://www.amazon.com/dp/B0CPDK1NXH,B0CPDK1NXH,https://www.amazon.com/dp/B0CPDK1NXH,FALSE,FALSE,,FALSE,,FALSE
248,SCOTT W. JAMES,Blood for Power,1,https://www.amazon.com/dp/B0CSX5S2V6,B0CSX5S2V6,https://www.amazon.com/dp/B0CSX5S2V6,FALSE,FALSE,,FALSE,,FALSE
249,NAMELESS AUTHOR,Nameless Sovereign,1,https://www.amazon.com/dp/B0D623KF58,B0D623KF58,https://www.amazon.com/dp/B0D623KF58,FALSE,FALSE,,FALSE,,FALSE
250,D.E. SHERMAN,Keiran: The Eternal Mage,1,https://www.amazon.com/dp/B0CW9QLCCP,B0CW9QLCCP,https://www.amazon.com/dp/B0CW9QLCCP,FALSE,FALSE,,FALSE,,FALSE
251,SADIR S. SAMIR,The God Dust Saga,1,https://www.amazon.com/dp/B0BG1CBSRY,B0BG1CBSRY,https://www.amazon.com/dp/B0BG1CBSRY,FALSE,TRUE,SPFBO9 Semi-finalist,FALSE,,FALSE
252,J.D.L. ROSELL,Legend of Tal,1,https://www.amazon.com/dp/B088PZ2N5G,B088PZ2N5G,https://www.amazon.com/dp/B088PZ2N5G,FALSE,TRUE,SPFBO6 Semi-finalist,FALSE,,FALSE
253,J.D.L. ROSELL,Ranger of the Titan Wilds,1,https://www.amazon.com/dp/B0BNQRMZ7T,B0BNQRMZ7T,https://www.amazon.com/dp/B0BNQRMZ7T,FALSE,TRUE,SPFBO9 Finalist,FALSE,,FALSE
254,J.D.L. ROSELL,The Runewar Saga,1,https://www.amazon.com/dp/B093YH6RBJ,B093YH6RBJ,https://www.amazon.com/dp/B093YH6RBJ,FALSE,TRUE,SPFBO7 Semi-finalist,FALSE,,FALSE
255,J.D.L. ROSELL,The Famine Cycle,1,https://www.amazon.com/dp/B0916WFX9M,B0916WFX9M,https://www.amazon.com/dp/B0916WFX9M,FALSE,TRUE,SPFBO8,FALSE,,FALSE
256,J.D.L. ROSELL,Godslayer Rising,3,https://www.amazon.com/gp/product/B08ND5WZQR,B08ND5WZQR,https://www.amazon.com/dp/B08ND5WZQR,FALSE,FALSE,,FALSE,,FALSE
257,ALEX C. PIERCE,The Crow's Gambit,2,https://www.amazon.com/dp/B0CV39MCJV,B0CV39MCJV,https://www.amazon.com/dp/B0CV39MCJV,FALSE,TRUE,SPFBO8 Semi-finalist,FALSE,,FALSE
258,BRANWEN OSHEA,The Calling,1,https://www.amazon.com/dp/1735915998,B08MZ7JY93,https://www.amazon.com/dp/B08MZ7JY93,FALSE,FALSE,,FALSE,,FALSE
259,BRANWEN OSHEA,Silence of the Song Trees,1,https://www.amazon.com/dp/B08HY9VHYX,B08HY9VHYX,https://www.amazon.com/dp/B08HY9VHYX,FALSE,FALSE,,FALSE,,FALSE
260,O.S. MARROW,Elysium Falls,1,https://www.amazon.com/dp/B0B28CXFK4,B0B28CXFK4,https://www.amazon.com/dp/B0B28CXFK4,FALSE,FALSE,,FALSE,,FALSE
261,J. PATRICIA ANDERSON,Your Blood and Bones,1,https://www.amazon.com/dp/B0C8BYVRMV,B0C8BYVRMV,https://www.amazon.com/dp/B0C8BYVRMV,FALSE,TRUE,SFINCS1 Semi-finalist,FALSE,,FALSE
262,J. PATRICIA ANDERSON,Daughters of Tith,1,https://www.amazon.com/dp/B0BS5CX2MH,B0BS5CX2MH,https://www.amazon.com/dp/B0BS5CX2MH,FALSE,TRUE,SPFBO9,FALSE,,FALSE
263,E.L. LYONS,Starlight Jewel,1,https://www.amazon.com/dp/B0BD8G6N6Y,B0BD8G6N6Y,https://www.amazon.com/dp/B0BD8G6N6Y,FALSE,TRUE,SPFBO9,FALSE,,FALSE
264,BENJAMIN AEVERYN,Rainfallen,3,https://www.amazon.com/dp/B0C3W2LJ2F,B0C3W2LJ2F,https://www.amazon.com/dp/B0C3W2LJ2F,FALSE,TRUE,SPFBO9 Semi-finalist,FALSE,,FALSE
265,E J DOBLE,The Blood and Steel Saga,3,https://a.co/d/6WZcBhV,B09PKFSSLM,https://www.amazon.com/dp/B09PKFSSLM,FALSE,TRUE,SPFBO8,FALSE,,FALSE
266,E J DOBLE,Realm of The Prophets,2,https://a.co/d/auvoYTS,B0BFB72ZYB,https://www.amazon.com/dp/B0BFB72ZYB,FALSE,FALSE,,FALSE,,FALSE
267,E J DOBLE,Grimdark Fairytales ,1,https://a.co/d/fqQpRRz,B0BZVYP5DB,https://www.amazon.com/dp/B0BZVYP5DB,FALSE,FALSE,,FALSE,,FALSE
268,SET SYTES,India Muerte,5,https://www.amazon.com/dp/B07X1TS4HF,B07X1TS4HF,https://www.amazon.com/dp/B07X1TS4HF,FALSE,TRUE,SPFBO8,FALSE,,FALSE
269,SEAN WILLSON,Dark Nebula,6,https://www.amazon.com/dp/B08MDCDN3X,B08MDCDN3X,https://www.amazon.com/dp/B08MDCDN3X,FALSE,TRUE,SPSFC1,TRUE,https://payhip.com/b/IYm6,FALSE
270,SEAN WILLSON,Drowning Earth,1,https://www.amazon.com/dp/B0CLYKNG46,B0CLYKNG46,https://www.amazon.com/dp/B0CLYKNG46,TRUE,TRUE,SPSFC4,TRUE,https://payhip.com/b/gupey,FALSE
271,L. M. HUGHES & R. A. COOPER,Wolf and Flame Boxset,1,https://www.amazon.com/dp/B0CXNWHHRV,B0CXNWHHRV,https://www.amazon.com/dp/B0CXNWHHRV,FALSE,FALSE,,FALSE,,FALSE
272,SKY ROBERT,Jewel of the Alien Bandit,1,https://www.amazon.com/dp/B0BNLBRLMF,B0BNLBRLMF,https://www.amazon.com/dp/B0BNLBRLMF,FALSE,FALSE,,FALSE,,FALSE
273,MICHAEL CHATFIELD,Two Week Curse (Ten Realms Book 1),1,https://www.amazon.com/dp/B07F7QQGZ9,B07F7QQGZ9,https://www.amazon.com/dp/B07F7QQGZ9,FALSE,FALSE,,FALSE,,FALSE
274,MICHAEL CHATFIELD,The Trapped Mind Project (Emerilia Book 1),1,https://www.amazon.com/dp/B01MZD5RQX,B01MZD5RQX,https://www.amazon.com/dp/B01MZD5RQX,FALSE,FALSE,,FALSE,,FALSE
275,MICHAEL CHATFIELD,Skeleton with a Heart (Death Knight Book 1) ,1,https://www.amazon.com/dp/B07TDF3PCP,B07TDF3PCP,https://www.amazon.com/dp/B07TDF3PCP,FALSE,FALSE,,FALSE,,FALSE
276,SEYMOUR ZEYNALLI,Of Blood and Steel,1,https://www.amazon.com/dp/B08636PF4N,B08636PF4N,https://www.amazon.com/dp/B08636PF4N,FALSE,FALSE,,FALSE,,FALSE
277,ADAM BRIGHT,Dungeon Incursions,5,https://www.amazon.com/dp/B0BJ7QRWWV,B0BJ7QRWWV,https://www.amazon.com/dp/B0BJ7QRWWV,FALSE,FALSE,,FALSE,,FALSE
278,B. S. H. GARCIA,THE HEART OF QUINARIA,4,https://www.amazon.com/dp/B0C2JNH9DR,B0C2JNH9DR,https://www.amazon.com/dp/B0C2JNH9DR,FALSE,TRUE,SPFBO9,FALSE,,FALSE
279,MAYA DARJANI ,Ancient as the Stars ,1,https://www.amazon.com/dp/B0CP2VSDXR,B0CP2VSDXR,https://www.amazon.com/dp/B0CP2VSDXR,TRUE,TRUE,SPSFC4,FALSE,,FALSE
280,MAYA DARJANI ,The Star-Crossed Empire,1,https://www.amazon.com/dp/B0CV958PCN,B0CV958PCN,https://www.amazon.com/dp/B0CV958PCN,TRUE,FALSE,,FALSE,,FALSE
281,TRICIA ARNOLD,Draekkon's Fire (Cintarzia Book 1),1,https://www.amazon.com/dp/B0CKLSZ7C6,B0CKLSZ7C6,https://www.amazon.com/dp/B0CKLSZ7C6,FALSE,FALSE,,FALSE,,FALSE
282,MELISSA STONE,Stars of Destiny,5,https://www.amazon.com/dp/B00IW00A0U,B00IW00A0U,https://www.amazon.com/dp/B00IW00A0U,FALSE,TRUE,SPFBO8,FALSE,,FALSE
283,MELISSA STONE,Whisper for Eternity,1,https://www.amazon.com/dp/B0D3T4RDS1,B0D3T4RDS1,https://www.amazon.com/dp/B0D3T4RDS1,FALSE,TRUE,SPFBOX,FALSE,,FALSE
284,MELISSA STONE,Children of An'katerr,4,https://www.amazon.com/dp/B0095XJY0K,B0095XJY0K,https://www.amazon.com/dp/B0095XJY0K,FALSE,TRUE,SPFBO7,TRUE,https://azuredragonpress.net/index.php/product/children-of-the-dragon-ebook/#tab/-description,FALSE
285,J.J. THORN,Apocalypse Assassin (System Orphans: Claire),1,https://www.amazon.com/dp/B0BTRTMXCQ,B0BTRTMXCQ,https://www.amazon.com/dp/B0BTRTMXCQ,FALSE,FALSE,,FALSE,,FALSE
286,J.J. THORN,Heavy (The Weight Of It All),1,https://www.amazon.com/dp/B08RRVDDFT,B08RRVDDFT,https://www.amazon.com/dp/B08RRVDDFT,FALSE,FALSE,,FALSE,,FALSE
287,JCM BERNE,Wistful Ascending (Hybrid Helix),1,https://www.amazon.com/dp/B08HLBHV4D,B08HLBHV4D,https://www.amazon.com/dp/B08HLBHV4D,FALSE,TRUE,"SPFBO8,SPSFC3 Semi-finalist",FALSE,,FALSE
288,JCM BERNE,Partial Function,1,https://www.amazon.com/dp/B0CL138KVG,B0CL138KVG,https://www.amazon.com/dp/B0CL138KVG,FALSE,FALSE,,FALSE,,FALSE
289,DAVID OLIVER,The Great Hearts,5,https://www.amazon.com/dp/B08XBC25MT,B08XBC25MT,https://www.amazon.com/dp/B08XBC25MT,FALSE,TRUE,SPFBO4 Semi-finalist,FALSE,,FALSE
290,DAVID OLIVER,Draconis,1,https://www.amazon.com/dp/B09PGNYGGL,B09PGNYGGL,https://www.amazon.com/dp/B09PGNYGGL,FALSE,TRUE,SPFBO8,FALSE,,FALSE
291,AMBER TORO,Umbra: Sentiant Stars ,1,https://www.amazon.com/dp/B0CTRKSVX7,B0CTRKSVX7,https://www.amazon.com/dp/B0CTRKSVX7,FALSE,TRUE,SPSFC4,FALSE,,FALSE
292,C.A. BLOOMING,Of Fate series,2,https://www.amazon.com/dp/B0CW18RC6H,B0CW18RC6H,https://www.amazon.com/dp/B0CW18RC6H,FALSE,FALSE,,FALSE,,FALSE
293,DAVE DOBSON,Flames Over Frosthelm,1,https://www.amazon.com/dp/B07T12STNY,B07T12STNY,https://www.amazon.com/dp/B07T12STNY,FALSE,TRUE,SPFBO6,FALSE,,FALSE
294,K.M. DAVIDSON,The Sirians Series,2,https://www.amazon.com/dp/B0CVMN1937,B0CVMN1937,https://www.amazon.com/dp/B0CVMN1937,FALSE,FALSE,,FALSE,,FALSE
295,Seán O'Boyle,The Ballad of Sprikit The Bard (And Company),1,https://www.amazon.com/dp/B0CSC3TR9M,B0CSC3TR9M,https://www.amazon.com/dp/B0CSC3TR9M,FALSE,TRUE,SPFBOX,FALSE,,FALSE
296,MORGAN SHANK,Low Country Trilogy ,3,https://www.amazon.com/dp/B0BWS8G5GW,B0BWS8G5GW,https://www.amazon.com/dp/B0BWS8G5GW,FALSE,TRUE,SPFBO9,FALSE,,FALSE
297,MARS G. EVERSON,The God Engine Trilogy,1,https://www.amazon.com/dp/B0BRT6256B,B0BRT6256B,https://www.amazon.com/dp/B0BRT6256B,FALSE,FALSE,,FALSE,,FALSE
298,RUSSELL CARROLL,Relentless Blades,1,https://www.amazon.com/dp/B0DCWVJX7Q,B0DCWVJX7Q,https://www.amazon.com/dp/B0DCWVJX7Q,FALSE,FALSE,,FALSE,,FALSE
299,AJ LANCASTER,The Lord of Stariel,1,https://www.amazon.com/dp/B07HD681WN,B07HD681WN,https://www.amazon.com/dp/B07HD681WN,FALSE,TRUE,SPFBO5 Semi-finalist,FALSE,,FALSE
300,JESSICA A. MCMINN,Gardens of War & Wasteland,2,https://www.amazon.com/dp/B0BTRQ75RR,B0BTRQ75RR,https://www.amazon.com/dp/B0BTRQ75RR,FALSE,TRUE,SPFBO9 Semi-finalist,FALSE,,FALSE
301,M. H. THAUNG,Numoeath Trilogy,3,https://www.amazon.com/dp/B07FC4KLKC ,B07FC4KLKC,https://www.amazon.com/dp/B07FC4KLKC,TRUE,TRUE,SPFBO5,FALSE,,FALSE
302,M. H. THAUNG,Accidental Capers,2,https://www.amazon.com/dp/B08M9CNK6L,B08M9CNK6L,https://www.amazon.com/dp/B08M9CNK6L,TRUE,TRUE,SPSFC2 Semi-finalist,FALSE,,FALSE
303,Ann Christy,The Never-Ending End of the World,1,https://www.amazon.com/dp/B0BTTVKJMZ,B0BTTVKJMZ,https://www.amazon.com/dp/B0BTTVKJMZ,FALSE,FALSE,,FALSE,,FALSE
304,DENNIS LIGGIO,The Nowak Brothers,6,https://www.amazon.com/dp/B0749R87SF,B0749R87SF,https://www.amazon.com/dp/B0749R87SF,FALSE,TRUE,SPFBO7,FALSE,,FALSE
305,DENNIS LIGGIO,"Cthulhu, Private Investigator",1,https://www.amazon.com/dp/B00KBA9R9Y,B00KBA9R9Y,https://www.amazon.com/dp/B00KBA9R9Y,FALSE,FALSE,,FALSE,,FALSE
306,DENNIS LIGGIO,Cowards and Killers,1,https://www.amazon.com/dp/B00HVJFYZE,B00HVJFYZE,https://www.amazon.com/dp/B00HVJFYZE,FALSE,FALSE,,FALSE,,FALSE
307,LESLIE ALLEN,The Revenge of Captain Vessia,1,https://www.amazon.com/gp/product/B0D6N83BH2,B0D6N83BH2,https://www.amazon.com/dp/B0D6N83BH2,FALSE,FALSE,,FALSE,,FALSE
308,A.Z. LOUISE,Bitterbound,1,https://www.amazon.com/dp/B0D1X1ZV6P,B0D1X1ZV6P,https://www.amazon.com/dp/B0D1X1ZV6P,FALSE,FALSE,,FALSE,,FALSE
309,REM WIGMORE,The Wind City,1,https://www.amazon.com/dp/B0BCV613DL,B0BCV613DL,https://www.amazon.com/dp/B0BCV613DL,FALSE,FALSE,,FALSE,,FALSE
310,J E HANNAFORD,Aulirean Gates,1,https://www.amazon.com/gp/aw/d/B0C2D6D5MQ,B0C2D6D5MQ,https://www.amazon.com/dp/B0C2D6D5MQ,FALSE,TRUE,SPFBOX Finalist,FALSE,,FALSE
311,ALEX ROBINS,The Broken Heart of Arelium,1,https://www.amazon.com/dp/B08Z9FLZN2,B08Z9FLZN2,https://www.amazon.com/dp/B08Z9FLZN2,FALSE,TRUE,SPFBO7,FALSE,,FALSE
312,B.L. BROWN,Witch of the Demesne Series,2,https://www.amazon.com/dp/B0CGVRLN8V,B0CGVRLN8V,https://www.amazon.com/dp/B0CGVRLN8V,FALSE,TRUE,SPFBOX,FALSE,,FALSE
313,ROB J HAYES,Titan Hoppers series,3,https://www.amazon.com/dp/B0BHJFYJWN,B0BHJFYJWN,https://www.amazon.com/dp/B0BHJFYJWN,FALSE,TRUE,SPSFC2 Semi-finalist,FALSE,,FALSE
314,M.L. WANG,The Sword of Kaigen,1,https://www.amazon.com/dp/B07MNWKF2M,B07MNWKF2M,https://www.amazon.com/dp/B07MNWKF2M,FALSE,TRUE,SPFBO5 Champion,FALSE,,FALSE
315,MAYA LIN WANG,The Volta Academy Chronicles,1,https://www.amazon.com/dp/B0CPZYX5HK,B0CPZYX5HK,https://www.amazon.com/dp/B0CPZYX5HK,FALSE,FALSE,,FALSE,,FALSE
316,DYRK ASHTON,Paternus: Rise of Gods,1,https://www.amazon.com/Paternus-Rise-Gods-Trilogy-Book-ebook/dp/B01CXPD8T4,B01CXPD8T4,https://www.amazon.com/dp/B01CXPD8T4,FALSE,TRUE,SPFBO2 Finalist,FALSE,,FALSE
317,JIM PARFITT,Knaves on Waves,1,https://www.amazon.com/dp/B09HG4W1KS,B09HR3HVMY,https://www.amazon.com/dp/B09HR3HVMY,FALSE,FALSE,,FALSE,,FALSE
318,SHANDY MANDARINO,The Darkest Parts of Me,1,https://www.amazon.com/Darkest-Parts-Me-Shandy-Mandarino/dp/B0D478K5MB,B0D478K5MB,https://www.amazon.com/dp/B0D478K5MB,FALSE,FALSE,,FALSE,,FALSE
319,MORGAN STANG,The Lamplight Murder Mysteries,3,https://www.amazon.com/dp/B0CBD7T86W,B0CBD7T86W,https://www.amazon.com/dp/B0CBD7T86W,FALSE,TRUE,SPFBO9 Champion,FALSE,,FALSE
320,MORGAN STANG,The Wolf and the She-Bear,1,https://www.amazon.com/dp/B08TTQ1MFS,B08TTQ1MFS,https://www.amazon.com/dp/B08TTQ1MFS,FALSE,FALSE,SPFBO7,FALSE,,FALSE
321,MORGAN STANG,The Spider and the Scribe,1,https://www.amazon.com/dp/B09GTYCZ14,B09GTYCZ14,https://www.amazon.com/dp/B09GTYCZ14,FALSE,FALSE,SPFBO8 Semi-finalist,FALSE,,FALSE
322,JASMINE YOUNG,Realm Breaker,1,https://www.amazon.com/dp/B0CH69S435,B0CH69S435,https://www.amazon.com/dp/B0CH69S435,FALSE,TRUE,SPFBOX,FALSE,,FALSE
323,JASMINE YOUNG,Four Kingdoms: Origins,2,https://www.amazon.com/dp/B0BMZTLQ2C,B0BMZTLQ2C,https://www.amazon.com/dp/B0BMZTLQ2C,FALSE,FALSE,,FALSE,,FALSE
324,SAM WEISS,The Afterlife Experiment,1,https://www.amazon.com/dp/B0CV8NH9X6,B0CV8NH9X6,https://www.amazon.com/dp/B0CV8NH9X6,FALSE,TRUE,SPFBOX,FALSE,,FALSE
325,TJ Muir,The Winter Mage,1,https://www.amazon.com/gp/product/B0CW1HL76P,B0CW1HL76P,https://www.amazon.com/dp/B0CW1HL76P,FALSE,FALSE,,FALSE,,FALSE
326,C. GOCKEL,I Bring the Fire,2,https://www.amazon.com/dp/B087JH15XB,B087JH15XB,https://www.amazon.com/dp/B087JH15XB,TRUE,FALSE,,FALSE,,FALSE
327,C. GOCKEL,Snow So White,1,https://www.amazon.com/gp/product/B09FZVDK3Z,B09FZVDK3Z,https://www.amazon.com/dp/B09FZVDK3Z,TRUE,FALSE,,FALSE,,FALSE
328,SCOTT MARLOWE,Assassin Without a Name,2,https://www.amazon.com/dp/B0BDCGHGL8,B0BDCGHGL8,https://www.amazon.com/dp/B0BDCGHGL8,FALSE,FALSE,,TRUE,https://shop.scottmarlowe.com/collection/assassin-without-a-name-ebooks,FALSE
329,SCOTT MARLOWE,The Alchemancer,2,https://www.amazon.com/dp/B0BHTKPNQS,B0BHTKPNQS,https://www.amazon.com/dp/B0BHTKPNQS,FALSE,FALSE,,TRUE,https://shop.scottmarlowe.com/collection/the-alchemancer-ebooks,FALSE
330,SCOTT MARLOWE,The Hall of the Wood,1,https://www.amazon.com/dp/B002DGSKVK,B002DGSKVK,https://www.amazon.com/dp/B002DGSKVK,FALSE,FALSE,,TRUE,https://shop.scottmarlowe.com/b/hotw,FALSE
331,C. V. ALLEN,Keeper of the Veil,1,https://www.amazon.com/dp/B0DH3RWWM6,B0DH3RWWM6,https://www.amazon.com/dp/B0DH3RWWM6,FALSE,FALSE,,FALSE,,FALSE
332,NOAH ISAACS,Memories of Tomorrow,1,https://www.amazon.com/dp/B0DDX13FWS,B0DDX13FWS,https://www.amazon.com/dp/B0DDX13FWS,FALSE,FALSE,,FALSE,,FALSE
333,SIMON TULL,A Mirage in the Memory,1,https://www.amazon.com/dp/B0CGWJBXH1,B0CGWJBXH1,https://www.amazon.com/dp/B0CGWJBXH1,FALSE,TRUE,SFINCS1,FALSE,,FALSE
334,M.A. POOLE,What Magick,3,https://www.amazon.com/dp/B0CHQQD5GH,B0CHQQD5GH,https://www.amazon.com/dp/B0CHQQD5GH,FALSE,TRUE,SPFBO7,FALSE,,FALSE
335,KENSLEY NORRIS,Music Soothes the Shadow Beasts,1,https://www.amazon.com/dp/B09G9L8T86,B09G9L8T86,https://www.amazon.com/dp/B09G9L8T86,FALSE,FALSE,,FALSE,,FALSE
336,CONWAY ELDRiDG,Of Ashes and Stardust,1,https://www.amazon.com/dp/B0BFMNCJS4,B0BFMNCJS4,https://www.amazon.com/dp/B0BFMNCJS4,FALSE,FALSE,,FALSE,,FALSE
337,MIA HERALD HILL,Queen of Dark Fire (Guardians of Light Saga),1,https://www.amazon.com/dp/B0BK5MT4JZ,B0BK5MT4JZ,https://www.amazon.com/dp/B0BK5MT4JZ,FALSE,FALSE,,FALSE,,FALSE
338,AMANDA HUXLEY,A Lesson in Magic (Magistowe Academy),1,https://www.amazon.com/dp/B0CCZNTZ1M,B0CCZNTZ1M,https://www.amazon.com/dp/B0CCZNTZ1M,FALSE,FALSE,,FALSE,,FALSE
339,TARA SHELLEY,The Witch's Curse (Rune Academy),1,https://www.amazon.com/dp/B0CQS95B6N,B0CQS95B6N,https://www.amazon.com/dp/B0CQS95B6N,FALSE,FALSE,,FALSE,,FALSE
340,J.  T. PETREY,The New Ten Guardians of Draco,1,https://www.amazon.com/dp/B08MYJRP1F,B08MYJRP1F,https://www.amazon.com/dp/B08MYJRP1F,FALSE,FALSE,,FALSE,,FALSE
341,JER PATCH,Revivium,1,https://www.amazon.com/dp/B0CJDQ149B,B0CJDQ149B,https://www.amazon.com/dp/B0CJDQ149B,FALSE,FALSE,,FALSE,,FALSE
342,JAMES HUNTER/EDEN HUDSON,Rogue Dungeon,1,https://www.amazon.com/gp/product/B07FKYZFYD,B07FKYZFYD,https://www.amazon.com/dp/B07FKYZFYD,FALSE,FALSE,,FALSE,,FALSE
343,J. A. HUNTER,The Viridian Gate Archives/VGO: Cataclysm,1,https://www.amazon.com/gp/product/B01MU0DYXW,B01MU0DYXW,https://www.amazon.com/dp/B01MU0DYXW,FALSE,TRUE,SPFBO3,FALSE,,FALSE
344,D.J. BODDEN,VGO: Illusionist,1,https://www.amazon.com/gp/product/B07YM1SN5J,B07N1RGWTC,https://www.amazon.com/dp/B07N1RGWTC,FALSE,FALSE,,FALSE,,FALSE
345,J. D. ASTRA,VGO: Firebrand,1,https://www.amazon.com/gp/product/B07NDYY91Y,B07NDYY91Y,https://www.amazon.com/dp/B07NDYY91Y,FALSE,FALSE,,FALSE,,FALSE
346,N. H. PAXTON,VGO: The Alchemic Weaponeer,1,https://www.amazon.com/gp/product/B07NY4FJZZ,B07NY4FJZZ,https://www.amazon.com/dp/B07NY4FJZZ,FALSE,FALSE,,FALSE,,FALSE
347,E. C. GODHAND,VGO: The Heartfire Healer,1,https://www.amazon.com/gp/product/B0947GTHFR,B0947GTHFR,https://www.amazon.com/dp/B0947GTHFR,FALSE,FALSE,,FALSE,,FALSE
348,AARON MICHAEL RITCHEY,The Juniper Wars,1,https://www.amazon.com/gp/product/B07PNJV81Y,B07PNJV81Y,https://www.amazon.com/dp/B07PNJV81Y,FALSE,FALSE,,FALSE,,FALSE
349,GAGE LEE,School of Swords and Serpents,1,https://www.amazon.com/gp/product/B07WWZ4V4M,B07WWZ4V4M,https://www.amazon.com/dp/B07WWZ4V4M,FALSE,FALSE,,FALSE,,FALSE
350,MARSHALL J. MOORE,Rites of Resurrection,1,https://www.amazon.com/gp/product/B0BF31H4PD,B0BF31H4PD,https://www.amazon.com/dp/B0BF31H4PD,FALSE,FALSE,,FALSE,,FALSE
351,KENNETH ARANT,A Snake's Life,1,https://www.amazon.com/gp/product/B085HSWVRG,B085HSWVRG,https://www.amazon.com/dp/B085HSWVRG,FALSE,FALSE,,FALSE,,FALSE
352,J. D. ASTRA,Deathless Dungeoneers,1,https://www.amazon.com/gp/product/B0B75D73VT,B0B75D73VT,https://www.amazon.com/dp/B0B75D73VT,FALSE,FALSE,,FALSE,,FALSE
353,DAVID SANCHEZ-PONTON,Dungeon Heart,1,https://www.amazon.com/gp/product/B08P7WNHMQ,B08P7WNHMQ,https://www.amazon.com/dp/B08P7WNHMQ,FALSE,FALSE,,FALSE,,FALSE
354,NATHAN AMEYE,Fae Nexus,1,https://www.amazon.com/gp/product/B08QBRK6FN,B08QBRK6FN,https://www.amazon.com/dp/B08QBRK6FN,FALSE,FALSE,,FALSE,,FALSE
355,WILLIAM MYRL,Mystic Seasons Upload,1,https://www.amazon.com/gp/product/B0B9NWRMPZ,B0B9NWRMPZ,https://www.amazon.com/dp/B0B9NWRMPZ,FALSE,FALSE,,FALSE,,FALSE
356,MILES ENGLISH,In Another World I Must Defeat the Demon King,1,https://www.amazon.com/gp/product/B09W84B7FQ,B09W84B7FQ,https://www.amazon.com/dp/B09W84B7FQ,FALSE,FALSE,,FALSE,,FALSE
357,PLAYWARS AKA ALEX S. WEBER,The Fallen World,1,https://www.amazon.com/gp/product/B0BL1HJBWY,B0BL1HJBWY,https://www.amazon.com/dp/B0BL1HJBWY,FALSE,FALSE,,FALSE,,FALSE
358,J.D. ASTRA,Bastion Academy,1,https://www.amazon.com/gp/product/B08QCBG3K2,B08QCBG3K2,https://www.amazon.com/dp/B08QCBG3K2,FALSE,FALSE,,FALSE,,FALSE
359,EDEN HUDSON,Death Cultivator,1,https://www.amazon.com/gp/product/B08GCYYVR4,B08GCYYVR4,https://www.amazon.com/dp/B08GCYYVR4,FALSE,FALSE,,FALSE,,FALSE
360,J.D. ASTRA,Monster Haven,1,https://www.amazon.com/gp/product/B0B2237LS6,B0B2237LS6,https://www.amazon.com/dp/B0B2237LS6,FALSE,FALSE,,FALSE,,FALSE
361,D.H. DUNN,One More Turn,1,https://www.amazon.com/gp/product/B0CM3YMDRJ,B0CM3YMDRJ,https://www.amazon.com/dp/B0CM3YMDRJ,FALSE,FALSE,,FALSE,,FALSE
362,EDEN HUDSON,Path of the Thunderbird,1,https://www.amazon.com/gp/product/B0BWCBFD43,B0BWCBFD43,https://www.amazon.com/dp/B0BWCBFD43,FALSE,FALSE,,FALSE,,FALSE
363,JAMES HUNTER,Vigil Bound,1,https://www.amazon.com/gp/product/B09PB19TQG,B09PB19TQG,https://www.amazon.com/dp/B09PB19TQG,FALSE,FALSE,,FALSE,,FALSE
364,JAMES HUNTER,Yancy Lazarus,1,https://www.amazon.com/gp/product/B08JQLHCXC,B08JQLHCXC,https://www.amazon.com/dp/B08JQLHCXC,FALSE,FALSE,,FALSE,,FALSE
365,JAMES HUNTER/EDEN HUDSON,Wasteland Warlords,1,https://www.amazon.com/gp/product/B0CM3YRQSN,B0CM3YRQSN,https://www.amazon.com/dp/B0CM3YRQSN,FALSE,FALSE,,FALSE,,FALSE
366,NICK FELKER,The Spectre of War Series,6,https://www.amazon.com/dp/B0BSTGRZ2Z,B0BSTGRZ2Z,https://www.amazon.com/dp/B0BSTGRZ2Z,FALSE,FALSE,,FALSE,,FALSE
367,NICK FELKER,The Next Horizon Series,1,https://www.amazon.com/dp/B0DPVYFSDF,B0DPVYFSDF,https://www.amazon.com/dp/B0DPVYFSDF,FALSE,FALSE,,FALSE,,FALSE
368,BRENDAN CORBETT,The Runetree Chronicles,1,https://www.amazon.com/gp/product/B0CW17JFC4,B0CW17JFC4,https://www.amazon.com/dp/B0CW17JFC4,FALSE,FALSE,,FALSE,,FALSE
369,NATHAN R ALLEN,The Heretic,1,https://www.amazon.com/gp/product/B0D53XXPZJ,B0D53XXPZJ,https://www.amazon.com/dp/B0D53XXPZJ,FALSE,FALSE,,FALSE,,FALSE
370,RAYMOND ST. ELMO,The Blood Tartan,1,https://www.amazon.com/gp/product/B073XSWBW5,B073XSWBW5,https://www.amazon.com/dp/B073XSWBW5,FALSE,TRUE,SPFBO4 Semi-finalist,FALSE,,FALSE
371,RAYMOND ST. ELMO,As I was On my Way to Strawberry Fair,1,https://www.amazon.com/As-Was-Way-Strawberry-Fair-ebook/dp/B01JE5SITQ,B01JE5SITQ,https://www.amazon.com/dp/B01JE5SITQ,FALSE,TRUE,SPFBO7,FALSE,,FALSE
372,RAYMOND ST. ELMO,The Origin of Birds in the Footprints of Writing,1,https://www.amazon.com/Origin-Birds-Footprints-Writing/dp/B0CY9NVJTY,B0CY9NVJTY,https://www.amazon.com/dp/B0CY9NVJTY,FALSE,TRUE,SPFBO6 Semi-finalist,FALSE,,FALSE
373,VIRGINIA MCCLAIN,Chronicles of Gensokai,3,https://www.amazon.com/dp/B077LDJB88,B077LDJB88,https://www.amazon.com/dp/B077LDJB88,FALSE,TRUE,SPFBO5 Finalist,FALSE,,FALSE
374,VIRGINIA MCCLAIN,Victoria Marmot,5,https://www.amazon.com/dp/B07H453C3K,B07H453C3K,https://www.amazon.com/dp/B07H453C3K,FALSE,FALSE,,FALSE,,FALSE
375,VIRGINIA MCCLAIN,The Alchemy of Sorrow,1,https://www.amazon.com/dp/B0B4VVQPYY,B0B4VVQPYY,https://www.amazon.com/dp/B0B4VVQPYY,FALSE,FALSE,,FALSE,,FALSE
376,VISTA MCDOWALL,The Sovereigns of the Dead Trilogy,3,https://www.amazon.com/dp/B087BL8LYB,B087BL8LYB,https://www.amazon.com/dp/B087BL8LYB,FALSE,TRUE,SPFBO7,FALSE,,FALSE
377,L. R. SCHULZ,Soul Cage,1,https://www.amazon.com/Soul-Cage-Soulbreaker-Book-1-ebook/dp/B0CW1KC75T,B0CW1KC75T,https://www.amazon.com/dp/B0CW1KC75T,FALSE,FALSE,,FALSE,,FALSE
378,BENEDICT PATRICK,Card Mage,1,https://www.amazon.com/dp/B0CCSM894G,B0CCSM894G,https://www.amazon.com/dp/B0CCSM894G,FALSE,FALSE,,FALSE,,FALSE
379,BENEDICT PATRICK,Yarnsworld,3,https://www.amazon.com/dp/B0753KG8Q8,B0753KG8Q8,https://www.amazon.com/dp/B0753KG8Q8,FALSE,TRUE,SPFBO2,FALSE,,FALSE
380,BENEDICT PATRICK,The Flight of the Darkstar Dragon,1,https://www.amazon.com/dp/B09TPMFBMN,B09TPMFBMN,https://www.amazon.com/dp/B09TPMFBMN,FALSE,TRUE,SPFBO6 Semi-finalist,FALSE,,FALSE
381,ANDREW GIVLER,The Debt Collection,2,https://www.amazon.com/Soul-Fraud-Debt-Collection-Book-ebook/dp/B0CGXZ9L8Z,B0CGXZ9L8Z,https://www.amazon.com/dp/B0CGXZ9L8Z,FALSE,FALSE,,FALSE,,FALSE
382,ERYNN LEHTONEN,Yokai Calling,5,https://www.amazon.com/dp/B089RK73P9,B089RK73P9,https://www.amazon.com/dp/B089RK73P9,FALSE,TRUE,SPFBO8,FALSE,,FALSE
383,ERYNN LEHTONEN,Lunar Insurrection,6,https://www.amazon.com/dp/B0C7K8252H,B0C7K8252H,https://www.amazon.com/dp/B0C7K8252H,FALSE,FALSE,,FALSE,,FALSE
384,JULIA HUNI,Krimson Empire,1,https://www.amazon.com/dp/B0CLCC2YT7,B0CLCC2YT7,https://www.amazon.com/dp/B0CLCC2YT7,FALSE,FALSE,,TRUE,https://payhip.com/b/xS98j,FALSE